#
# There is insufficient memory for the Java Runtime Environment to continue.
# Native memory allocation (mmap) failed to map 648019968 bytes. Error detail: G1 virtual space
# Possible reasons:
#   The system is out of physical RAM or swap space
#   This process is running with CompressedOops enabled, and the Java Heap may be blocking the growth of the native heap
# Possible solutions:
#   Reduce memory load on the system
#   Increase physical memory or swap space
#   Check if swap backing store is full
#   Decrease Java heap size (-Xmx/-Xms)
#   Decrease number of Java threads
#   Decrease Java thread stack sizes (-Xss)
#   Set larger code cache with -XX:ReservedCodeCacheSize=
#   JVM is running with Zero Based Compressed Oops mode in which the Java heap is
#     placed in the first 32GB address space. The Java Heap base address is the
#     maximum limit for the native heap growth. Please use -XX:HeapBaseMinAddress
#     to set the Java Heap base and to place the Java Heap above 32GB virtual address.
# This output file may be truncated or incomplete.
#
#  Out of Memory Error (os_windows.cpp:3616), pid=10060, tid=2896
#
# JRE version: OpenJDK Runtime Environment Temurin-21.0.5+11 (21.0.5+11) (build 21.0.5+11-LTS)
# Java VM: OpenJDK 64-Bit Server VM Temurin-21.0.5+11 (21.0.5+11-LTS, mixed mode, sharing, tiered, compressed oops, compressed class ptrs, g1 gc, windows-amd64)
# No core dump will be written. Minidumps are not enabled by default on client versions of Windows
#

---------------  S U M M A R Y ------------

Command Line: --add-opens=java.base/java.lang=ALL-UNNAMED --add-opens=java.base/java.lang.invoke=ALL-UNNAMED --add-opens=java.base/java.util=ALL-UNNAMED --add-opens=java.prefs/java.util.prefs=ALL-UNNAMED --add-exports=jdk.compiler/com.sun.tools.javac.api=ALL-UNNAMED --add-exports=jdk.compiler/com.sun.tools.javac.util=ALL-UNNAMED --add-opens=java.base/java.util=ALL-UNNAMED --add-opens=java.prefs/java.util.prefs=ALL-UNNAMED --add-opens=java.base/java.nio.charset=ALL-UNNAMED --add-opens=java.base/java.net=ALL-UNNAMED --add-opens=java.base/java.util.concurrent=ALL-UNNAMED --add-opens=java.base/java.util.concurrent.atomic=ALL-UNNAMED --add-opens=java.xml/javax.xml.namespace=ALL-UNNAMED --add-opens=java.base/java.time=ALL-UNNAMED -Xmx4g -Dfile.encoding=UTF-8 -Duser.country=US -Duser.language=en -Duser.variant -javaagent:C:\Users\YOUSSEF ADEL\.gradle\wrapper\dists\gradle-9.3.1-bin\23ovyewtku6u96viwx3xl3oks\gradle-9.3.1\lib\agents\gradle-instrumentation-agent-9.3.1.jar org.gradle.launcher.daemon.bootstrap.GradleDaemon 9.3.1

Host: AMD Ryzen 5 PRO 4650U with Radeon Graphics, 12 cores, 5G,  Windows 11 , 64 bit Build 26100 (10.0.26100.8328)
Time: Sun Jul  5 07:30:26 2026 Egypt Daylight Time elapsed time: 760.748882 seconds (0d 0h 12m 40s)

---------------  T H R E A D  ---------------

Current thread (0x00000164ff4b5540):  VMThread "VM Thread"          [id=2896, stack(0x00000051bfe00000,0x00000051bff00000) (1024K)]

Stack: [0x00000051bfe00000,0x00000051bff00000]
Native frames: (J=compiled Java code, j=interpreted, Vv=VM code, C=native code)
V  [jvm.dll+0x6cd4e9]
V  [jvm.dll+0x8a7941]
V  [jvm.dll+0x8a9e6e]
V  [jvm.dll+0x8aa543]
V  [jvm.dll+0x27f6d6]
V  [jvm.dll+0x6c9c25]
V  [jvm.dll+0x6be84a]
V  [jvm.dll+0x355c6a]
V  [jvm.dll+0x35d836]
V  [jvm.dll+0x3af40e]
V  [jvm.dll+0x3af6b8]
V  [jvm.dll+0x329dfc]
V  [jvm.dll+0x329e87]
V  [jvm.dll+0x36dc4c]
V  [jvm.dll+0x36c498]
V  [jvm.dll+0x3295c1]
V  [jvm.dll+0x36bb0a]
V  [jvm.dll+0x8b025f]
V  [jvm.dll+0x8b15e4]
V  [jvm.dll+0x8b1b20]
V  [jvm.dll+0x8b1dc3]
V  [jvm.dll+0x8514fb]
V  [jvm.dll+0x6cbbed]
C  [ucrtbase.dll+0x37b0]
C  [KERNEL32.DLL+0x2e957]
C  [ntdll.dll+0x427c]

VM_Operation (0x00000051c4ff8f10): G1CollectForAllocation, mode: safepoint, requested by thread 0x00000164e057d060


---------------  P R O C E S S  ---------------

Threads class SMR info:
_java_thread_list=0x000001650006ddc0, length=102, elements={
0x00000164f2a0a4a0, 0x00000164ff4d2fc0, 0x00000164ff4d3620, 0x00000164ff4d4420,
0x00000164ff4d6a90, 0x00000164ff4dd110, 0x00000164ff4ddf10, 0x00000164ff4e4760,
0x00000164ff4e9f50, 0x00000164ff4a4c30, 0x00000164ff88e7e0, 0x00000164db9b3f10,
0x00000164db8420a0, 0x00000164db971610, 0x00000164dbb4cad0, 0x00000164dbb4d130,
0x00000164db8ff8c0, 0x00000164db8fb000, 0x00000164db9d31d0, 0x00000164db9da110,
0x00000164db9d8040, 0x00000164db9d8d60, 0x00000164db9d79b0, 0x00000164db9d93f0,
0x00000164db9d7320, 0x00000164db9d6c90, 0x00000164db9d9a80, 0x00000164db9d86d0,
0x00000164dba65ae0, 0x00000164dba66800, 0x00000164dba64dc0, 0x00000164dba65450,
0x00000164dba63380, 0x00000164dba66e90, 0x00000164dba63a10, 0x00000164dba67520,
0x00000164dba640a0, 0x00000164dba688d0, 0x00000164dba69c80, 0x00000164dba68f60,
0x00000164dba695f0, 0x00000164dba6a310, 0x00000164dba67bb0, 0x00000164dba68240,
0x00000164ff67b5f0, 0x00000164e0b06ee0, 0x00000164e2dae700, 0x00000164f02896c0,
0x00000164f028be20, 0x00000164f028c4b0, 0x00000164f028cb40, 0x00000164f028d860,
0x00000164f028a3e0, 0x00000164f028f930, 0x00000164f028ec10, 0x00000164f028e580,
0x00000164f028ffc0, 0x00000164f0290650, 0x000001650e08cb50, 0x00000164e0584680,
0x00000164e0587b00, 0x00000164e0587470, 0x00000164e0588190, 0x00000164e05860c0,
0x00000164e0584d10, 0x00000164e057c9d0, 0x00000164e057d060, 0x00000164e057bcb0,
0x00000164e057dd80, 0x00000164e057e410, 0x00000164e057af90, 0x00000164e057eaa0,
0x00000164e057f130, 0x00000164e057f7c0, 0x00000164e057c340, 0x00000164e0581f20,
0x00000164e0588eb0, 0x00000164e057a900, 0x00000164e057b620, 0x00000164e0581890,
0x00000164e0580b70, 0x00000164e05832d0, 0x00000164e0589bd0, 0x00000164e23a1000,
0x00000164e239ef30, 0x00000164e239bab0, 0x00000164e239c140, 0x00000164e239d4f0,
0x00000164e2dab910, 0x00000164e2dafab0, 0x00000164f1498390, 0x00000164e2dabfa0,
0x00000164e2db0140, 0x00000164e2db07d0, 0x00000164e2b29ca0, 0x00000164f030a2a0,
0x00000164f030c370, 0x00000165006707d0, 0x0000016500675000, 0x0000016500673c50,
0x00000164f15adc80, 0x0000016500dc4be0
}

Java Threads: ( => current thread )
  0x00000164f2a0a4a0 JavaThread "main"                              [_thread_blocked, id=14152, stack(0x00000051bf700000,0x00000051bf800000) (1024K)]
  0x00000164ff4d2fc0 JavaThread "Reference Handler"          daemon [_thread_blocked, id=9488, stack(0x00000051bff00000,0x00000051c0000000) (1024K)]
  0x00000164ff4d3620 JavaThread "Finalizer"                  daemon [_thread_blocked, id=13844, stack(0x00000051c0000000,0x00000051c0100000) (1024K)]
  0x00000164ff4d4420 JavaThread "Signal Dispatcher"          daemon [_thread_blocked, id=14132, stack(0x00000051c0100000,0x00000051c0200000) (1024K)]
  0x00000164ff4d6a90 JavaThread "Attach Listener"            daemon [_thread_blocked, id=8632, stack(0x00000051c0200000,0x00000051c0300000) (1024K)]
  0x00000164ff4dd110 JavaThread "Service Thread"             daemon [_thread_blocked, id=3844, stack(0x00000051c0300000,0x00000051c0400000) (1024K)]
  0x00000164ff4ddf10 JavaThread "Monitor Deflation Thread"   daemon [_thread_blocked, id=6660, stack(0x00000051c0400000,0x00000051c0500000) (1024K)]
  0x00000164ff4e4760 JavaThread "C2 CompilerThread0"         daemon [_thread_blocked, id=5920, stack(0x00000051c0500000,0x00000051c0600000) (1024K)]
  0x00000164ff4e9f50 JavaThread "C1 CompilerThread0"         daemon [_thread_blocked, id=6832, stack(0x00000051c0600000,0x00000051c0700000) (1024K)]
  0x00000164ff4a4c30 JavaThread "Common-Cleaner"             daemon [_thread_blocked, id=13668, stack(0x00000051c0700000,0x00000051c0800000) (1024K)]
  0x00000164ff88e7e0 JavaThread "Notification Thread"        daemon [_thread_blocked, id=12832, stack(0x00000051c0900000,0x00000051c0a00000) (1024K)]
  0x00000164db9b3f10 JavaThread "Daemon health stats"               [_thread_blocked, id=9112, stack(0x00000051c0e00000,0x00000051c0f00000) (1024K)]
  0x00000164db8420a0 JavaThread "Incoming local TCP Connector on port 59273"        [_thread_in_native, id=7452, stack(0x00000051c0f00000,0x00000051c1000000) (1024K)]
  0x00000164db971610 JavaThread "Daemon periodic checks"            [_thread_blocked, id=10008, stack(0x00000051c1000000,0x00000051c1100000) (1024K)]
  0x00000164dbb4cad0 JavaThread "Daemon"                            [_thread_blocked, id=9540, stack(0x00000051c1100000,0x00000051c1200000) (1024K)]
  0x00000164dbb4d130 JavaThread "Handler for socket connection from /127.0.0.1:59273 to /127.0.0.1:59274"        [_thread_in_native, id=8156, stack(0x00000051c1200000,0x00000051c1300000) (1024K)]
  0x00000164db8ff8c0 JavaThread "Cancel handler"                    [_thread_blocked, id=2980, stack(0x00000051c1300000,0x00000051c1400000) (1024K)]
  0x00000164db8fb000 JavaThread "Daemon worker"                     [_thread_blocked, id=2804, stack(0x00000051c1400000,0x00000051c1500000) (1024K)]
  0x00000164db9d31d0 JavaThread "Asynchronous log dispatcher for DefaultDaemonConnection: socket connection from /127.0.0.1:59273 to /127.0.0.1:59274"        [_thread_blocked, id=2272, stack(0x00000051c1500000,0x00000051c1600000) (1024K)]
  0x00000164db9da110 JavaThread "Stdin handler"                     [_thread_blocked, id=14124, stack(0x00000051c1600000,0x00000051c1700000) (1024K)]
  0x00000164db9d8040 JavaThread "Daemon client event forwarder"        [_thread_blocked, id=2792, stack(0x00000051c1700000,0x00000051c1800000) (1024K)]
  0x00000164db9d8d60 JavaThread "Cache worker for journal cache (C:\Users\YOUSSEF ADEL\.gradle\caches\journal-1)"        [_thread_blocked, id=12804, stack(0x00000051c1d00000,0x00000051c1e00000) (1024K)]
  0x00000164db9d79b0 JavaThread "File lock request listener"        [_thread_in_native, id=7356, stack(0x00000051c1e00000,0x00000051c1f00000) (1024K)]
  0x00000164db9d93f0 JavaThread "Cache worker for file hash cache (C:\Users\YOUSSEF ADEL\.gradle\caches\9.3.1\fileHashes)"        [_thread_blocked, id=3284, stack(0x00000051c1f00000,0x00000051c2000000) (1024K)]
  0x00000164db9d7320 JavaThread "Cache worker for file hash cache (C:\Users\YOUSSEF ADEL\Desktop\Meen-Fena-V-1.1-\.gradle\9.3.1\fileHashes)"        [_thread_blocked, id=13084, stack(0x00000051c2300000,0x00000051c2400000) (1024K)]
  0x00000164db9d6c90 JavaThread "Cache worker for checksums cache (C:\Users\YOUSSEF ADEL\Desktop\Meen-Fena-V-1.1-\.gradle\9.3.1\checksums)"        [_thread_blocked, id=10076, stack(0x00000051c2400000,0x00000051c2500000) (1024K)]
  0x00000164db9d9a80 JavaThread "Cache worker for Build Output Cleanup Cache (C:\Users\YOUSSEF ADEL\Desktop\Meen-Fena-V-1.1-\.gradle\buildOutputCleanup)"        [_thread_blocked, id=1972, stack(0x00000051c2500000,0x00000051c2600000) (1024K)]
  0x00000164db9d86d0 JavaThread "Cache worker for file content cache (C:\Users\YOUSSEF ADEL\.gradle\caches\9.3.1\fileContent)"        [_thread_blocked, id=8124, stack(0x00000051c2600000,0x00000051c2700000) (1024K)]
  0x00000164dba65ae0 JavaThread "File watcher server"        daemon [_thread_blocked, id=14176, stack(0x00000051c2200000,0x00000051c2300000) (1024K)]
  0x00000164dba66800 JavaThread "File watcher consumer"      daemon [_thread_blocked, id=9040, stack(0x00000051c2700000,0x00000051c2800000) (1024K)]
  0x00000164dba64dc0 JavaThread "Cache worker for cache directory md-supplier (C:\Users\YOUSSEF ADEL\.gradle\caches\9.3.1\md-supplier)"        [_thread_blocked, id=7928, stack(0x00000051c2800000,0x00000051c2900000) (1024K)]
  0x00000164dba65450 JavaThread "Cache worker for cache directory md-rule (C:\Users\YOUSSEF ADEL\.gradle\caches\9.3.1\md-rule)"        [_thread_blocked, id=3416, stack(0x00000051c2900000,0x00000051c2a00000) (1024K)]
  0x00000164dba63380 JavaThread "Unconstrained build operations"        [_thread_blocked, id=12172, stack(0x00000051c2b00000,0x00000051c2c00000) (1024K)]
  0x00000164dba66e90 JavaThread "Unconstrained build operations Thread 2"        [_thread_blocked, id=4724, stack(0x00000051c2c00000,0x00000051c2d00000) (1024K)]
  0x00000164dba63a10 JavaThread "Unconstrained build operations Thread 3"        [_thread_blocked, id=4052, stack(0x00000051c2d00000,0x00000051c2e00000) (1024K)]
  0x00000164dba67520 JavaThread "Configuration cache report writer"        [_thread_blocked, id=4596, stack(0x00000051c2a00000,0x00000051c2b00000) (1024K)]
  0x00000164dba640a0 JavaThread "Unconstrained build operations Thread 4"        [_thread_blocked, id=3704, stack(0x00000051c2f00000,0x00000051c3000000) (1024K)]
  0x00000164dba688d0 JavaThread "Unconstrained build operations Thread 5"        [_thread_blocked, id=13880, stack(0x00000051c3000000,0x00000051c3100000) (1024K)]
  0x00000164dba69c80 JavaThread "Unconstrained build operations Thread 6"        [_thread_blocked, id=10708, stack(0x00000051c3100000,0x00000051c3200000) (1024K)]
  0x00000164dba68f60 JavaThread "Unconstrained build operations Thread 7"        [_thread_blocked, id=6360, stack(0x00000051c3200000,0x00000051c3300000) (1024K)]
  0x00000164dba695f0 JavaThread "Unconstrained build operations Thread 8"        [_thread_blocked, id=13984, stack(0x00000051c3300000,0x00000051c3400000) (1024K)]
  0x00000164dba6a310 JavaThread "Unconstrained build operations Thread 9"        [_thread_blocked, id=6192, stack(0x00000051c3400000,0x00000051c3500000) (1024K)]
  0x00000164dba67bb0 JavaThread "Unconstrained build operations Thread 10"        [_thread_blocked, id=12316, stack(0x00000051c3500000,0x00000051c3600000) (1024K)]
  0x00000164dba68240 JavaThread "Unconstrained build operations Thread 11"        [_thread_blocked, id=9108, stack(0x00000051c3600000,0x00000051c3700000) (1024K)]
  0x00000164ff67b5f0 JavaThread "Unconstrained build operations Thread 12"        [_thread_blocked, id=11184, stack(0x00000051c3700000,0x00000051c3800000) (1024K)]
  0x00000164e0b06ee0 JavaThread "Memory manager"                    [_thread_blocked, id=836, stack(0x00000051c2e00000,0x00000051c2f00000) (1024K)]
  0x00000164e2dae700 JavaThread "build event listener"              [_thread_blocked, id=6752, stack(0x00000051c3800000,0x00000051c3900000) (1024K)]
  0x00000164f02896c0 JavaThread "Build operations"                  [_thread_blocked, id=10288, stack(0x00000051c3a00000,0x00000051c3b00000) (1024K)]
  0x00000164f028be20 JavaThread "Unconstrained build operations Thread 13"        [_thread_blocked, id=9420, stack(0x00000051c3b00000,0x00000051c3c00000) (1024K)]
  0x00000164f028c4b0 JavaThread "Unconstrained build operations Thread 14"        [_thread_blocked, id=13752, stack(0x00000051c3c00000,0x00000051c3d00000) (1024K)]
  0x00000164f028cb40 JavaThread "Unconstrained build operations Thread 15"        [_thread_blocked, id=12496, stack(0x00000051c3d00000,0x00000051c3e00000) (1024K)]
  0x00000164f028d860 JavaThread "Unconstrained build operations Thread 16"        [_thread_blocked, id=14212, stack(0x00000051c3e00000,0x00000051c3f00000) (1024K)]
  0x00000164f028a3e0 JavaThread "Unconstrained build operations Thread 17"        [_thread_blocked, id=7412, stack(0x00000051c3f00000,0x00000051c4000000) (1024K)]
  0x00000164f028f930 JavaThread "Unconstrained build operations Thread 18"        [_thread_blocked, id=12960, stack(0x00000051c4000000,0x00000051c4100000) (1024K)]
  0x00000164f028ec10 JavaThread "Unconstrained build operations Thread 19"        [_thread_blocked, id=3720, stack(0x00000051c4100000,0x00000051c4200000) (1024K)]
  0x00000164f028e580 JavaThread "Unconstrained build operations Thread 20"        [_thread_blocked, id=356, stack(0x00000051c4200000,0x00000051c4300000) (1024K)]
  0x00000164f028ffc0 JavaThread "Unconstrained build operations Thread 21"        [_thread_blocked, id=7564, stack(0x00000051c4300000,0x00000051c4400000) (1024K)]
  0x00000164f0290650 JavaThread "Unconstrained build operations Thread 22"        [_thread_blocked, id=13608, stack(0x00000051c4400000,0x00000051c4500000) (1024K)]
  0x000001650e08cb50 JavaThread "Unconstrained build operations Thread 23"        [_thread_blocked, id=11836, stack(0x00000051c4500000,0x00000051c4600000) (1024K)]
  0x00000164e0584680 JavaThread "Unconstrained build operations Thread 24"        [_thread_blocked, id=6972, stack(0x00000051c3900000,0x00000051c3a00000) (1024K)]
  0x00000164e0587b00 JavaThread "Unconstrained build operations Thread 25"        [_thread_blocked, id=11828, stack(0x00000051c4900000,0x00000051c4a00000) (1024K)]
  0x00000164e0587470 JavaThread "Unconstrained build operations Thread 26"        [_thread_blocked, id=11812, stack(0x00000051c4a00000,0x00000051c4b00000) (1024K)]
  0x00000164e0588190 JavaThread "Unconstrained build operations Thread 27"        [_thread_blocked, id=404, stack(0x00000051c4b00000,0x00000051c4c00000) (1024K)]
  0x00000164e05860c0 JavaThread "Unconstrained build operations Thread 28"        [_thread_blocked, id=14076, stack(0x00000051c4c00000,0x00000051c4d00000) (1024K)]
  0x00000164e0584d10 JavaThread "Unconstrained build operations Thread 29"        [_thread_blocked, id=8116, stack(0x00000051c4d00000,0x00000051c4e00000) (1024K)]
  0x00000164e057c9d0 JavaThread "Unconstrained build operations Thread 30"        [_thread_blocked, id=1964, stack(0x00000051c4e00000,0x00000051c4f00000) (1024K)]
  0x00000164e057d060 JavaThread "Unconstrained build operations Thread 31"        [_thread_blocked, id=12396, stack(0x00000051c4f00000,0x00000051c5000000) (1024K)]
  0x00000164e057bcb0 JavaThread "Unconstrained build operations Thread 32"        [_thread_blocked, id=5856, stack(0x00000051c5000000,0x00000051c5100000) (1024K)]
  0x00000164e057dd80 JavaThread "Unconstrained build operations Thread 33"        [_thread_blocked, id=8836, stack(0x00000051c5100000,0x00000051c5200000) (1024K)]
  0x00000164e057e410 JavaThread "Unconstrained build operations Thread 34"        [_thread_blocked, id=6408, stack(0x00000051c5200000,0x00000051c5300000) (1024K)]
  0x00000164e057af90 JavaThread "Unconstrained build operations Thread 35"        [_thread_blocked, id=6260, stack(0x00000051c5300000,0x00000051c5400000) (1024K)]
  0x00000164e057eaa0 JavaThread "Unconstrained build operations Thread 36"        [_thread_blocked, id=8580, stack(0x00000051c5400000,0x00000051c5500000) (1024K)]
  0x00000164e057f130 JavaThread "Unconstrained build operations Thread 37"        [_thread_blocked, id=8464, stack(0x00000051c5500000,0x00000051c5600000) (1024K)]
  0x00000164e057f7c0 JavaThread "Unconstrained build operations Thread 38"        [_thread_blocked, id=3384, stack(0x00000051c5600000,0x00000051c5700000) (1024K)]
  0x00000164e057c340 JavaThread "Unconstrained build operations Thread 39"        [_thread_blocked, id=12456, stack(0x00000051c5700000,0x00000051c5800000) (1024K)]
  0x00000164e0581f20 JavaThread "Unconstrained build operations Thread 40"        [_thread_blocked, id=9404, stack(0x00000051c5800000,0x00000051c5900000) (1024K)]
  0x00000164e0588eb0 JavaThread "Build operations Thread 2"         [_thread_blocked, id=6704, stack(0x00000051bf500000,0x00000051bf600000) (1024K)]
  0x00000164e057a900 JavaThread "included builds"                   [_thread_blocked, id=12248, stack(0x00000051c0800000,0x00000051c0900000) (1024K)]
  0x00000164e057b620 JavaThread "Execution worker"                  [_thread_blocked, id=1800, stack(0x00000051bf600000,0x00000051bf700000) (1024K)]
  0x00000164e0581890 JavaThread "Execution worker Thread 2"         [_thread_blocked, id=11456, stack(0x00000051c4600000,0x00000051c4700000) (1024K)]
  0x00000164e0580b70 JavaThread "Execution worker Thread 3"         [_thread_blocked, id=6284, stack(0x00000051c4700000,0x00000051c4800000) (1024K)]
  0x00000164e05832d0 JavaThread "Cache worker for execution history cache (C:\Users\YOUSSEF ADEL\Desktop\Meen-Fena-V-1.1-\.gradle\9.3.1\executionHistory)"        [_thread_blocked, id=10660, stack(0x00000051bf400000,0x00000051bf500000) (1024K)]
  0x00000164e0589bd0 JavaThread "WorkerExecutor Queue Thread 2"        [_thread_blocked, id=9876, stack(0x00000051c5a00000,0x00000051c5b00000) (1024K)]
  0x00000164e23a1000 JavaThread "WorkerExecutor Queue Thread 3"        [_thread_blocked, id=7764, stack(0x00000051c5c00000,0x00000051c5d00000) (1024K)]
  0x00000164e239ef30 JavaThread "WorkerExecutor Queue Thread 4"        [_thread_blocked, id=12260, stack(0x00000051c5d00000,0x00000051c5e00000) (1024K)]
  0x00000164e239bab0 JavaThread "pool-3-thread-1"                   [_thread_blocked, id=13544, stack(0x00000051c5e00000,0x00000051c5f00000) (1024K)]
  0x00000164e239c140 JavaThread "stderr"                            [_thread_in_native, id=2556, stack(0x00000051c5f00000,0x00000051c6000000) (1024K)]
  0x00000164e239d4f0 JavaThread "stdout"                            [_thread_in_native, id=13928, stack(0x00000051c6000000,0x00000051c6100000) (1024K)]
  0x00000164e2dab910 JavaThread "Java2D Disposer"            daemon [_thread_blocked, id=8788, stack(0x00000051c4800000,0x00000051c4900000) (1024K)]
  0x00000164e2dafab0 JavaThread "AWT-Windows"                daemon [_thread_in_native, id=11324, stack(0x00000051c6200000,0x00000051c6300000) (1024K)]
  0x00000164f1498390 JavaThread "C2 CompilerThread1"         daemon [_thread_blocked, id=13808, stack(0x00000051c6400000,0x00000051c6500000) (1024K)]
  0x00000164e2dabfa0 JavaThread "DefaultDispatcher-worker-1" daemon [_thread_blocked, id=8160, stack(0x00000051c6500000,0x00000051c6600000) (1024K)]
  0x00000164e2db0140 JavaThread "DefaultDispatcher-worker-2" daemon [_thread_blocked, id=8648, stack(0x00000051c6600000,0x00000051c6700000) (1024K)]
  0x00000164e2db07d0 JavaThread "DefaultDispatcher-worker-3" daemon [_thread_blocked, id=8936, stack(0x00000051c6700000,0x00000051c6800000) (1024K)]
  0x00000164e2b29ca0 JavaThread "C2 CompilerThread2"         daemon [_thread_blocked, id=12900, stack(0x00000051c6100000,0x00000051c6200000) (1024K)]
  0x00000164f030a2a0 JavaThread "Periodic tasks thread"      daemon [_thread_blocked, id=7568, stack(0x00000051c6300000,0x00000051c6400000) (1024K)]
  0x00000164f030c370 JavaThread "ApplicationImpl pooled thread 1"        [_thread_blocked, id=7556, stack(0x00000051c6800000,0x00000051c6900000) (1024K)]
  0x00000165006707d0 JavaThread "ForkJoinPool.commonPool-worker-1" daemon [_thread_blocked, id=2068, stack(0x00000051c6900000,0x00000051c6a00000) (1024K)]
  0x0000016500675000 JavaThread "ForkJoinPool.commonPool-worker-2" daemon [_thread_blocked, id=11860, stack(0x00000051c6a00000,0x00000051c6b00000) (1024K)]
  0x0000016500673c50 JavaThread "ForkJoinPool.commonPool-worker-3" daemon [_thread_blocked, id=8764, stack(0x00000051c6b00000,0x00000051c6c00000) (1024K)]
  0x00000164f15adc80 JavaThread "WorkerExecutor Queue Thread 5"        [_thread_blocked, id=7924, stack(0x00000051c6e00000,0x00000051c6f00000) (1024K)]
  0x0000016500dc4be0 JavaThread "pool-5-thread-1"                   [_thread_blocked, id=2964, stack(0x00000051c5900000,0x00000051c5a00000) (1024K)]
Total: 102

Other Threads:
=>0x00000164ff4b5540 VMThread "VM Thread"                           [id=2896, stack(0x00000051bfe00000,0x00000051bff00000) (1024K)]
  0x00000164ff4a44b0 WatcherThread "VM Periodic Task Thread"        [id=3272, stack(0x00000051bfd00000,0x00000051bfe00000) (1024K)]
  0x00000164f4cd9990 WorkerThread "GC Thread#0"                     [id=5776, stack(0x00000051bf800000,0x00000051bf900000) (1024K)]
  0x00000164ff9678f0 WorkerThread "GC Thread#1"                     [id=7444, stack(0x00000051c0a00000,0x00000051c0b00000) (1024K)]
  0x00000164ff94b6f0 WorkerThread "GC Thread#2"                     [id=1748, stack(0x00000051c0b00000,0x00000051c0c00000) (1024K)]
  0x00000164ff9dd1e0 WorkerThread "GC Thread#3"                     [id=14232, stack(0x00000051c0c00000,0x00000051c0d00000) (1024K)]
  0x00000164dadb5ad0 WorkerThread "GC Thread#4"                     [id=7036, stack(0x00000051c0d00000,0x00000051c0e00000) (1024K)]
  0x00000164dbc3edb0 WorkerThread "GC Thread#5"                     [id=6300, stack(0x00000051c1800000,0x00000051c1900000) (1024K)]
  0x00000164dbae23b0 WorkerThread "GC Thread#6"                     [id=13596, stack(0x00000051c1900000,0x00000051c1a00000) (1024K)]
  0x00000164dbae2b50 WorkerThread "GC Thread#7"                     [id=6812, stack(0x00000051c1a00000,0x00000051c1b00000) (1024K)]
  0x00000164dbe10fd0 WorkerThread "GC Thread#8"                     [id=7704, stack(0x00000051c1b00000,0x00000051c1c00000) (1024K)]
  0x00000164dbe12590 WorkerThread "GC Thread#9"                     [id=8964, stack(0x00000051c1c00000,0x00000051c1d00000) (1024K)]
  0x00000164f4cea9e0 ConcurrentGCThread "G1 Main Marker"            [id=3880, stack(0x00000051bf900000,0x00000051bfa00000) (1024K)]
  0x00000164f4cecfd0 WorkerThread "G1 Conc#0"                       [id=11276, stack(0x00000051bfa00000,0x00000051bfb00000) (1024K)]
  0x00000164dbe11710 WorkerThread "G1 Conc#1"                       [id=8152, stack(0x00000051c2000000,0x00000051c2100000) (1024K)]
  0x00000164dbe12930 WorkerThread "G1 Conc#2"                       [id=3896, stack(0x00000051c2100000,0x00000051c2200000) (1024K)]
  0x00000164f4d2e190 ConcurrentGCThread "G1 Refine#0"               [id=10148, stack(0x00000051bfb00000,0x00000051bfc00000) (1024K)]
  0x00000164f4d2e6c0 ConcurrentGCThread "G1 Service"                [id=7780, stack(0x00000051bfc00000,0x00000051bfd00000) (1024K)]
Total: 18

Threads with active compile tasks:
C2 CompilerThread0  760789 45824 %     4       com.android.tools.r8.internal.ca2::b @ 1035 (2125 bytes)
C2 CompilerThread1  760789 45810   !   4       jdk.internal.loader.BuiltinClassLoader::loadClassOrNull (143 bytes)
C2 CompilerThread2  760789 45629       4       com.android.tools.r8.internal.rv::a (4509 bytes)
Total: 3

VM state: at safepoint (normal execution)

VM Mutex/Monitor currently owned by a thread:  ([mutex/lock_event])
[0x00007ffd900ad380] Threads_lock - owner thread: 0x00000164ff4b5540
[0x00007ffd900ad480] Heap_lock - owner thread: 0x00000164e057d060

Heap address: 0x0000000700000000, size: 4096 MB, Compressed Oops mode: Zero based, Oop shift amount: 3

CDS archive(s) mapped at: [0x0000016495000000-0x0000016495c80000-0x0000016495c80000), size 13107200, SharedBaseAddress: 0x0000016495000000, ArchiveRelocationMode: 1.
Compressed class space mapped at: 0x0000016496000000-0x00000164d6000000, reserved size: 1073741824
Narrow klass base: 0x0000016495000000, Narrow klass shift: 0, Narrow klass range: 0x100000000

GC Precious Log:
 CardTable entry size: 512
 Card Set container configuration: InlinePtr #cards 4 size 8 Array Of Cards #cards 16 size 48 Howl #buckets 8 coarsen threshold 3686 Howl Bitmap #cards 512 size 80 coarsen threshold 460 Card regions per heap region 1 cards per card region 4096
 CPUs: 12 total, 12 available
 Memory: 5863M
 Large Page Support: Disabled
 NUMA Support: Disabled
 Compressed Oops: Enabled (Zero based)
 Heap Region Size: 2M
 Heap Min Capacity: 8M
 Heap Initial Capacity: 92M
 Heap Max Capacity: 4G
 Pre-touch: Disabled
 Parallel Workers: 10
 Concurrent Workers: 3
 Concurrent Refinement Workers: 10
 Periodic GC: Disabled

Heap:
 garbage-first heap   total 1036288K, used 706468K [0x0000000700000000, 0x0000000800000000)
  region size 2048K, 17 young (34816K), 17 survivors (34816K)
 Metaspace       used 283726K, committed 287040K, reserved 1310720K
  class space    used 35067K, committed 36800K, reserved 1048576K

Heap Regions: E=young(eden), S=young(survivor), O=old, HS=humongous(starts), HC=humongous(continues), CS=collection set, F=free, TAMS=top-at-mark-start, PB=parsable bottom
|   0|0x0000000700000000, 0x0000000700200000, 0x0000000700200000|100%|HS|  |TAMS 0x0000000700200000| PB 0x0000000700000000| Complete 
|   1|0x0000000700200000, 0x0000000700400000, 0x0000000700400000|100%|HC|  |TAMS 0x0000000700400000| PB 0x0000000700200000| Complete 
|   2|0x0000000700400000, 0x0000000700600000, 0x0000000700600000|100%| O|  |TAMS 0x0000000700600000| PB 0x0000000700400000| Untracked 
|   3|0x0000000700600000, 0x0000000700800000, 0x0000000700800000|100%| O|  |TAMS 0x0000000700800000| PB 0x0000000700600000| Untracked 
|   4|0x0000000700800000, 0x0000000700a00000, 0x0000000700a00000|100%| O|  |TAMS 0x0000000700a00000| PB 0x0000000700800000| Untracked 
|   5|0x0000000700a00000, 0x0000000700c00000, 0x0000000700c00000|100%| O|  |TAMS 0x0000000700c00000| PB 0x0000000700a00000| Untracked 
|   6|0x0000000700c00000, 0x0000000700e00000, 0x0000000700e00000|100%| O|  |TAMS 0x0000000700e00000| PB 0x0000000700c00000| Untracked 
|   7|0x0000000700e00000, 0x0000000701000000, 0x0000000701000000|100%| O|  |TAMS 0x0000000701000000| PB 0x0000000700e00000| Untracked 
|   8|0x0000000701000000, 0x0000000701200000, 0x0000000701200000|100%| O|  |TAMS 0x0000000701200000| PB 0x0000000701000000| Untracked 
|   9|0x0000000701200000, 0x0000000701400000, 0x0000000701400000|100%| O|  |TAMS 0x0000000701400000| PB 0x0000000701200000| Untracked 
|  10|0x0000000701400000, 0x0000000701600000, 0x0000000701600000|100%| O|  |TAMS 0x0000000701600000| PB 0x0000000701400000| Untracked 
|  11|0x0000000701600000, 0x0000000701800000, 0x0000000701800000|100%| O|  |TAMS 0x0000000701800000| PB 0x0000000701600000| Untracked 
|  12|0x0000000701800000, 0x0000000701a00000, 0x0000000701a00000|100%| O|  |TAMS 0x0000000701a00000| PB 0x0000000701800000| Untracked 
|  13|0x0000000701a00000, 0x0000000701c00000, 0x0000000701c00000|100%| O|  |TAMS 0x0000000701c00000| PB 0x0000000701a00000| Untracked 
|  14|0x0000000701c00000, 0x0000000701e00000, 0x0000000701e00000|100%| O|  |TAMS 0x0000000701e00000| PB 0x0000000701c00000| Untracked 
|  15|0x0000000701e00000, 0x0000000702000000, 0x0000000702000000|100%| O|  |TAMS 0x0000000702000000| PB 0x0000000701e00000| Untracked 
|  16|0x0000000702000000, 0x0000000702200000, 0x0000000702200000|100%| O|  |TAMS 0x0000000702200000| PB 0x0000000702000000| Untracked 
|  17|0x0000000702200000, 0x0000000702400000, 0x0000000702400000|100%| O|  |TAMS 0x0000000702400000| PB 0x0000000702200000| Untracked 
|  18|0x0000000702400000, 0x0000000702600000, 0x0000000702600000|100%| O|  |TAMS 0x0000000702600000| PB 0x0000000702400000| Untracked 
|  19|0x0000000702600000, 0x0000000702800000, 0x0000000702800000|100%| O|  |TAMS 0x0000000702800000| PB 0x0000000702600000| Untracked 
|  20|0x0000000702800000, 0x0000000702a00000, 0x0000000702a00000|100%| O|  |TAMS 0x0000000702a00000| PB 0x0000000702800000| Untracked 
|  21|0x0000000702a00000, 0x0000000702c00000, 0x0000000702c00000|100%| O|  |TAMS 0x0000000702c00000| PB 0x0000000702a00000| Untracked 
|  22|0x0000000702c00000, 0x0000000702e00000, 0x0000000702e00000|100%| O|  |TAMS 0x0000000702e00000| PB 0x0000000702c00000| Untracked 
|  23|0x0000000702e00000, 0x0000000703000000, 0x0000000703000000|100%| O|  |TAMS 0x0000000703000000| PB 0x0000000702e00000| Untracked 
|  24|0x0000000703000000, 0x0000000703200000, 0x0000000703200000|100%| O|  |TAMS 0x0000000703200000| PB 0x0000000703000000| Untracked 
|  25|0x0000000703200000, 0x0000000703400000, 0x0000000703400000|100%| O|  |TAMS 0x0000000703400000| PB 0x0000000703200000| Untracked 
|  26|0x0000000703400000, 0x0000000703600000, 0x0000000703600000|100%| O|  |TAMS 0x0000000703600000| PB 0x0000000703400000| Untracked 
|  27|0x0000000703600000, 0x0000000703800000, 0x0000000703800000|100%| O|  |TAMS 0x0000000703800000| PB 0x0000000703600000| Untracked 
|  28|0x0000000703800000, 0x0000000703a00000, 0x0000000703a00000|100%| O|  |TAMS 0x0000000703a00000| PB 0x0000000703800000| Untracked 
|  29|0x0000000703a00000, 0x0000000703c00000, 0x0000000703c00000|100%| O|  |TAMS 0x0000000703c00000| PB 0x0000000703a00000| Untracked 
|  30|0x0000000703c00000, 0x0000000703e00000, 0x0000000703e00000|100%| O|  |TAMS 0x0000000703e00000| PB 0x0000000703c00000| Untracked 
|  31|0x0000000703e00000, 0x0000000704000000, 0x0000000704000000|100%| O|  |TAMS 0x0000000704000000| PB 0x0000000703e00000| Untracked 
|  32|0x0000000704000000, 0x0000000704200000, 0x0000000704200000|100%| O|  |TAMS 0x0000000704200000| PB 0x0000000704000000| Untracked 
|  33|0x0000000704200000, 0x0000000704400000, 0x0000000704400000|100%| O|  |TAMS 0x0000000704400000| PB 0x0000000704200000| Untracked 
|  34|0x0000000704400000, 0x0000000704600000, 0x0000000704600000|100%| O|  |TAMS 0x0000000704600000| PB 0x0000000704400000| Untracked 
|  35|0x0000000704600000, 0x0000000704800000, 0x0000000704800000|100%| O|  |TAMS 0x0000000704800000| PB 0x0000000704600000| Untracked 
|  36|0x0000000704800000, 0x0000000704a00000, 0x0000000704a00000|100%| O|  |TAMS 0x0000000704800000| PB 0x0000000704800000| Untracked 
|  37|0x0000000704a00000, 0x0000000704c00000, 0x0000000704c00000|100%| O|  |TAMS 0x0000000704c00000| PB 0x0000000704a00000| Untracked 
|  38|0x0000000704c00000, 0x0000000704e00000, 0x0000000704e00000|100%| O|  |TAMS 0x0000000704e00000| PB 0x0000000704c00000| Untracked 
|  39|0x0000000704e00000, 0x0000000705000000, 0x0000000705000000|100%| O|  |TAMS 0x0000000705000000| PB 0x0000000704e00000| Untracked 
|  40|0x0000000705000000, 0x0000000705200000, 0x0000000705200000|100%| O|  |TAMS 0x0000000705000000| PB 0x0000000705000000| Untracked 
|  41|0x0000000705200000, 0x0000000705400000, 0x0000000705400000|100%| O|  |TAMS 0x0000000705400000| PB 0x0000000705200000| Untracked 
|  42|0x0000000705400000, 0x0000000705600000, 0x0000000705600000|100%| O|  |TAMS 0x0000000705600000| PB 0x0000000705400000| Untracked 
|  43|0x0000000705600000, 0x0000000705800000, 0x0000000705800000|100%| O|  |TAMS 0x0000000705800000| PB 0x0000000705600000| Untracked 
|  44|0x0000000705800000, 0x0000000705a00000, 0x0000000705a00000|100%| O|  |TAMS 0x0000000705a00000| PB 0x0000000705800000| Untracked 
|  45|0x0000000705a00000, 0x0000000705c00000, 0x0000000705c00000|100%| O|  |TAMS 0x0000000705c00000| PB 0x0000000705a00000| Untracked 
|  46|0x0000000705c00000, 0x0000000705e00000, 0x0000000705e00000|100%| O|  |TAMS 0x0000000705e00000| PB 0x0000000705c00000| Untracked 
|  47|0x0000000705e00000, 0x0000000706000000, 0x0000000706000000|100%| O|  |TAMS 0x0000000706000000| PB 0x0000000705e00000| Untracked 
|  48|0x0000000706000000, 0x0000000706200000, 0x0000000706200000|100%| O|  |TAMS 0x0000000706200000| PB 0x0000000706000000| Untracked 
|  49|0x0000000706200000, 0x0000000706400000, 0x0000000706400000|100%| O|  |TAMS 0x0000000706400000| PB 0x0000000706200000| Untracked 
|  50|0x0000000706400000, 0x0000000706600000, 0x0000000706600000|100%| O|  |TAMS 0x0000000706600000| PB 0x0000000706400000| Untracked 
|  51|0x0000000706600000, 0x0000000706800000, 0x0000000706800000|100%| O|  |TAMS 0x0000000706800000| PB 0x0000000706600000| Untracked 
|  52|0x0000000706800000, 0x0000000706a00000, 0x0000000706a00000|100%| O|  |TAMS 0x0000000706a00000| PB 0x0000000706800000| Untracked 
|  53|0x0000000706a00000, 0x0000000706c00000, 0x0000000706c00000|100%| O|  |TAMS 0x0000000706a00000| PB 0x0000000706a00000| Untracked 
|  54|0x0000000706c00000, 0x0000000706e00000, 0x0000000706e00000|100%| O|  |TAMS 0x0000000706e00000| PB 0x0000000706c00000| Untracked 
|  55|0x0000000706e00000, 0x0000000707000000, 0x0000000707000000|100%| O|  |TAMS 0x0000000707000000| PB 0x0000000706e00000| Untracked 
|  56|0x0000000707000000, 0x0000000707200000, 0x0000000707200000|100%| O|  |TAMS 0x0000000707200000| PB 0x0000000707000000| Untracked 
|  57|0x0000000707200000, 0x0000000707400000, 0x0000000707400000|100%| O|  |TAMS 0x0000000707400000| PB 0x0000000707200000| Untracked 
|  58|0x0000000707400000, 0x0000000707600000, 0x0000000707600000|100%| O|  |TAMS 0x0000000707600000| PB 0x0000000707400000| Untracked 
|  59|0x0000000707600000, 0x0000000707800000, 0x0000000707800000|100%| O|  |TAMS 0x0000000707800000| PB 0x0000000707600000| Untracked 
|  60|0x0000000707800000, 0x0000000707a00000, 0x0000000707a00000|100%| O|  |TAMS 0x0000000707a00000| PB 0x0000000707800000| Untracked 
|  61|0x0000000707a00000, 0x0000000707c00000, 0x0000000707c00000|100%| O|  |TAMS 0x0000000707c00000| PB 0x0000000707a00000| Untracked 
|  62|0x0000000707c00000, 0x0000000707e00000, 0x0000000707e00000|100%|HS|  |TAMS 0x0000000707e00000| PB 0x0000000707c00000| Complete 
|  63|0x0000000707e00000, 0x0000000708000000, 0x0000000708000000|100%| O|  |TAMS 0x0000000708000000| PB 0x0000000707e00000| Untracked 
|  64|0x0000000708000000, 0x0000000708200000, 0x0000000708200000|100%| O|  |TAMS 0x0000000708200000| PB 0x0000000708000000| Untracked 
|  65|0x0000000708200000, 0x0000000708400000, 0x0000000708400000|100%| O|  |TAMS 0x0000000708400000| PB 0x0000000708200000| Untracked 
|  66|0x0000000708400000, 0x0000000708600000, 0x0000000708600000|100%| O|  |TAMS 0x0000000708600000| PB 0x0000000708400000| Untracked 
|  67|0x0000000708600000, 0x0000000708800000, 0x0000000708800000|100%| O|  |TAMS 0x0000000708800000| PB 0x0000000708600000| Untracked 
|  68|0x0000000708800000, 0x0000000708a00000, 0x0000000708a00000|100%| O|  |TAMS 0x0000000708a00000| PB 0x0000000708800000| Untracked 
|  69|0x0000000708a00000, 0x0000000708c00000, 0x0000000708c00000|100%| O|  |TAMS 0x0000000708c00000| PB 0x0000000708a00000| Untracked 
|  70|0x0000000708c00000, 0x0000000708e00000, 0x0000000708e00000|100%|HS|  |TAMS 0x0000000708e00000| PB 0x0000000708c00000| Complete 
|  71|0x0000000708e00000, 0x0000000709000000, 0x0000000709000000|100%| O|  |TAMS 0x0000000709000000| PB 0x0000000708e00000| Untracked 
|  72|0x0000000709000000, 0x0000000709200000, 0x0000000709200000|100%| O|  |TAMS 0x0000000709200000| PB 0x0000000709000000| Untracked 
|  73|0x0000000709200000, 0x0000000709400000, 0x0000000709400000|100%| O|  |TAMS 0x0000000709400000| PB 0x0000000709200000| Untracked 
|  74|0x0000000709400000, 0x0000000709600000, 0x0000000709600000|100%| O|  |TAMS 0x0000000709400000| PB 0x0000000709400000| Untracked 
|  75|0x0000000709600000, 0x0000000709800000, 0x0000000709800000|100%| O|  |TAMS 0x0000000709800000| PB 0x0000000709600000| Untracked 
|  76|0x0000000709800000, 0x0000000709a00000, 0x0000000709a00000|100%| O|  |TAMS 0x0000000709800000| PB 0x0000000709800000| Untracked 
|  77|0x0000000709a00000, 0x0000000709c00000, 0x0000000709c00000|100%| O|  |TAMS 0x0000000709c00000| PB 0x0000000709a00000| Untracked 
|  78|0x0000000709c00000, 0x0000000709e00000, 0x0000000709e00000|100%| O|  |TAMS 0x0000000709c00000| PB 0x0000000709c00000| Untracked 
|  79|0x0000000709e00000, 0x000000070a000000, 0x000000070a000000|100%| O|  |TAMS 0x0000000709e00000| PB 0x0000000709e00000| Untracked 
|  80|0x000000070a000000, 0x000000070a200000, 0x000000070a200000|100%| O|  |TAMS 0x000000070a200000| PB 0x000000070a000000| Untracked 
|  81|0x000000070a200000, 0x000000070a400000, 0x000000070a400000|100%| O|  |TAMS 0x000000070a400000| PB 0x000000070a200000| Untracked 
|  82|0x000000070a400000, 0x000000070a600000, 0x000000070a600000|100%|HS|  |TAMS 0x000000070a600000| PB 0x000000070a400000| Complete 
|  83|0x000000070a600000, 0x000000070a800000, 0x000000070a800000|100%|HC|  |TAMS 0x000000070a800000| PB 0x000000070a600000| Complete 
|  84|0x000000070a800000, 0x000000070aa00000, 0x000000070aa00000|100%|HC|  |TAMS 0x000000070aa00000| PB 0x000000070a800000| Complete 
|  85|0x000000070aa00000, 0x000000070ac00000, 0x000000070ac00000|100%| O|  |TAMS 0x000000070aa00000| PB 0x000000070aa00000| Untracked 
|  86|0x000000070ac00000, 0x000000070ae00000, 0x000000070ae00000|100%| O|  |TAMS 0x000000070ac00000| PB 0x000000070ac00000| Untracked 
|  87|0x000000070ae00000, 0x000000070b000000, 0x000000070b000000|100%| O|  |TAMS 0x000000070ae00000| PB 0x000000070ae00000| Untracked 
|  88|0x000000070b000000, 0x000000070b200000, 0x000000070b200000|100%| O|  |TAMS 0x000000070b200000| PB 0x000000070b000000| Untracked 
|  89|0x000000070b200000, 0x000000070b400000, 0x000000070b400000|100%| O|  |TAMS 0x000000070b400000| PB 0x000000070b200000| Untracked 
|  90|0x000000070b400000, 0x000000070b600000, 0x000000070b600000|100%| O|  |TAMS 0x000000070b600000| PB 0x000000070b400000| Untracked 
|  91|0x000000070b600000, 0x000000070b800000, 0x000000070b800000|100%| O|  |TAMS 0x000000070b800000| PB 0x000000070b600000| Untracked 
|  92|0x000000070b800000, 0x000000070ba00000, 0x000000070ba00000|100%| O|  |TAMS 0x000000070ba00000| PB 0x000000070b800000| Untracked 
|  93|0x000000070ba00000, 0x000000070bc00000, 0x000000070bc00000|100%| O|  |TAMS 0x000000070ba00000| PB 0x000000070ba00000| Untracked 
|  94|0x000000070bc00000, 0x000000070be00000, 0x000000070be00000|100%| O|  |TAMS 0x000000070bc00000| PB 0x000000070bc00000| Untracked 
|  95|0x000000070be00000, 0x000000070c000000, 0x000000070c000000|100%| O|  |TAMS 0x000000070c000000| PB 0x000000070be00000| Untracked 
|  96|0x000000070c000000, 0x000000070c200000, 0x000000070c200000|100%| O|  |TAMS 0x000000070c000000| PB 0x000000070c000000| Untracked 
|  97|0x000000070c200000, 0x000000070c400000, 0x000000070c400000|100%| O|  |TAMS 0x000000070c400000| PB 0x000000070c200000| Untracked 
|  98|0x000000070c400000, 0x000000070c600000, 0x000000070c600000|100%| O|  |TAMS 0x000000070c600000| PB 0x000000070c400000| Untracked 
|  99|0x000000070c600000, 0x000000070c800000, 0x000000070c800000|100%|HS|  |TAMS 0x000000070c800000| PB 0x000000070c600000| Complete 
| 100|0x000000070c800000, 0x000000070ca00000, 0x000000070ca00000|100%| O|  |TAMS 0x000000070ca00000| PB 0x000000070c800000| Untracked 
| 101|0x000000070ca00000, 0x000000070cc00000, 0x000000070cc00000|100%| O|  |TAMS 0x000000070cc00000| PB 0x000000070ca00000| Untracked 
| 102|0x000000070cc00000, 0x000000070ce00000, 0x000000070ce00000|100%| O|  |TAMS 0x000000070ce00000| PB 0x000000070cc00000| Untracked 
| 103|0x000000070ce00000, 0x000000070d000000, 0x000000070d000000|100%| O|  |TAMS 0x000000070d000000| PB 0x000000070ce00000| Untracked 
| 104|0x000000070d000000, 0x000000070d200000, 0x000000070d200000|100%| O|  |TAMS 0x000000070d200000| PB 0x000000070d000000| Untracked 
| 105|0x000000070d200000, 0x000000070d400000, 0x000000070d400000|100%| O|  |TAMS 0x000000070d400000| PB 0x000000070d200000| Untracked 
| 106|0x000000070d400000, 0x000000070d600000, 0x000000070d600000|100%| O|  |TAMS 0x000000070d600000| PB 0x000000070d400000| Untracked 
| 107|0x000000070d600000, 0x000000070d800000, 0x000000070d800000|100%| O|  |TAMS 0x000000070d800000| PB 0x000000070d600000| Untracked 
| 108|0x000000070d800000, 0x000000070da00000, 0x000000070da00000|100%| O|  |TAMS 0x000000070d800000| PB 0x000000070d800000| Untracked 
| 109|0x000000070da00000, 0x000000070dc00000, 0x000000070dc00000|100%| O|  |TAMS 0x000000070da00000| PB 0x000000070da00000| Untracked 
| 110|0x000000070dc00000, 0x000000070de00000, 0x000000070de00000|100%| O|  |TAMS 0x000000070de00000| PB 0x000000070dc00000| Untracked 
| 111|0x000000070de00000, 0x000000070e000000, 0x000000070e000000|100%| O|  |TAMS 0x000000070e000000| PB 0x000000070de00000| Untracked 
| 112|0x000000070e000000, 0x000000070e200000, 0x000000070e200000|100%| O|  |TAMS 0x000000070e200000| PB 0x000000070e000000| Untracked 
| 113|0x000000070e200000, 0x000000070e400000, 0x000000070e400000|100%| O|  |TAMS 0x000000070e400000| PB 0x000000070e200000| Untracked 
| 114|0x000000070e400000, 0x000000070e600000, 0x000000070e600000|100%| O|  |TAMS 0x000000070e600000| PB 0x000000070e400000| Untracked 
| 115|0x000000070e600000, 0x000000070e800000, 0x000000070e800000|100%| O|  |TAMS 0x000000070e600000| PB 0x000000070e600000| Untracked 
| 116|0x000000070e800000, 0x000000070ea00000, 0x000000070ea00000|100%| O|  |TAMS 0x000000070ea00000| PB 0x000000070e800000| Untracked 
| 117|0x000000070ea00000, 0x000000070ec00000, 0x000000070ec00000|100%| O|  |TAMS 0x000000070ea00000| PB 0x000000070ea00000| Untracked 
| 118|0x000000070ec00000, 0x000000070ee00000, 0x000000070ee00000|100%| O|  |TAMS 0x000000070ee00000| PB 0x000000070ec00000| Untracked 
| 119|0x000000070ee00000, 0x000000070efe9390, 0x000000070f000000| 95%| O|  |TAMS 0x000000070ee00000| PB 0x000000070ee00000| Untracked 
| 120|0x000000070f000000, 0x000000070f200000, 0x000000070f200000|100%| O|  |TAMS 0x000000070f200000| PB 0x000000070f000000| Untracked 
| 121|0x000000070f200000, 0x000000070f200000, 0x000000070f400000|  0%| F|  |TAMS 0x000000070f200000| PB 0x000000070f200000| Untracked 
| 122|0x000000070f400000, 0x000000070f400000, 0x000000070f600000|  0%| F|  |TAMS 0x000000070f400000| PB 0x000000070f400000| Untracked 
| 123|0x000000070f600000, 0x000000070f600000, 0x000000070f800000|  0%| F|  |TAMS 0x000000070f600000| PB 0x000000070f600000| Untracked 
| 124|0x000000070f800000, 0x000000070fa00000, 0x000000070fa00000|100%| O|  |TAMS 0x000000070fa00000| PB 0x000000070f800000| Untracked 
| 125|0x000000070fa00000, 0x000000070fc00000, 0x000000070fc00000|100%| O|  |TAMS 0x000000070fc00000| PB 0x000000070fa00000| Untracked 
| 126|0x000000070fc00000, 0x000000070fe00000, 0x000000070fe00000|100%| O|  |TAMS 0x000000070fe00000| PB 0x000000070fc00000| Untracked 
| 127|0x000000070fe00000, 0x0000000710000000, 0x0000000710000000|100%| O|  |TAMS 0x0000000710000000| PB 0x000000070fe00000| Untracked 
| 128|0x0000000710000000, 0x0000000710200000, 0x0000000710200000|100%| O|  |TAMS 0x0000000710200000| PB 0x0000000710000000| Untracked 
| 129|0x0000000710200000, 0x0000000710400000, 0x0000000710400000|100%| O|  |TAMS 0x0000000710400000| PB 0x0000000710200000| Untracked 
| 130|0x0000000710400000, 0x0000000710600000, 0x0000000710600000|100%| O|  |TAMS 0x0000000710600000| PB 0x0000000710400000| Untracked 
| 131|0x0000000710600000, 0x0000000710800000, 0x0000000710800000|100%| O|  |TAMS 0x0000000710800000| PB 0x0000000710600000| Untracked 
| 132|0x0000000710800000, 0x0000000710a00000, 0x0000000710a00000|100%| O|  |TAMS 0x0000000710a00000| PB 0x0000000710800000| Untracked 
| 133|0x0000000710a00000, 0x0000000710c00000, 0x0000000710c00000|100%| O|  |TAMS 0x0000000710c00000| PB 0x0000000710a00000| Untracked 
| 134|0x0000000710c00000, 0x0000000710e00000, 0x0000000710e00000|100%| O|  |TAMS 0x0000000710e00000| PB 0x0000000710c00000| Untracked 
| 135|0x0000000710e00000, 0x0000000710e00000, 0x0000000711000000|  0%| F|  |TAMS 0x0000000710e00000| PB 0x0000000710e00000| Untracked 
| 136|0x0000000711000000, 0x0000000711200000, 0x0000000711200000|100%| O|  |TAMS 0x0000000711200000| PB 0x0000000711000000| Untracked 
| 137|0x0000000711200000, 0x0000000711400000, 0x0000000711400000|100%| O|  |TAMS 0x0000000711400000| PB 0x0000000711200000| Untracked 
| 138|0x0000000711400000, 0x0000000711600000, 0x0000000711600000|100%| O|  |TAMS 0x0000000711600000| PB 0x0000000711400000| Untracked 
| 139|0x0000000711600000, 0x0000000711800000, 0x0000000711800000|100%| O|  |TAMS 0x0000000711800000| PB 0x0000000711600000| Untracked 
| 140|0x0000000711800000, 0x0000000711a00000, 0x0000000711a00000|100%| O|  |TAMS 0x0000000711a00000| PB 0x0000000711800000| Untracked 
| 141|0x0000000711a00000, 0x0000000711c00000, 0x0000000711c00000|100%| O|  |TAMS 0x0000000711c00000| PB 0x0000000711a00000| Untracked 
| 142|0x0000000711c00000, 0x0000000711c00000, 0x0000000711e00000|  0%| F|  |TAMS 0x0000000711c00000| PB 0x0000000711c00000| Untracked 
| 143|0x0000000711e00000, 0x0000000711e00000, 0x0000000712000000|  0%| F|  |TAMS 0x0000000711e00000| PB 0x0000000711e00000| Untracked 
| 144|0x0000000712000000, 0x0000000712000000, 0x0000000712200000|  0%| F|  |TAMS 0x0000000712000000| PB 0x0000000712000000| Untracked 
| 145|0x0000000712200000, 0x0000000712200000, 0x0000000712400000|  0%| F|  |TAMS 0x0000000712200000| PB 0x0000000712200000| Untracked 
| 146|0x0000000712400000, 0x0000000712400000, 0x0000000712600000|  0%| F|  |TAMS 0x0000000712400000| PB 0x0000000712400000| Untracked 
| 147|0x0000000712600000, 0x0000000712600000, 0x0000000712800000|  0%| F|  |TAMS 0x0000000712600000| PB 0x0000000712600000| Untracked 
| 148|0x0000000712800000, 0x0000000712a00000, 0x0000000712a00000|100%| O|  |TAMS 0x0000000712a00000| PB 0x0000000712800000| Untracked 
| 149|0x0000000712a00000, 0x0000000712c00000, 0x0000000712c00000|100%| O|  |TAMS 0x0000000712c00000| PB 0x0000000712a00000| Untracked 
| 150|0x0000000712c00000, 0x0000000712e00000, 0x0000000712e00000|100%| O|  |TAMS 0x0000000712e00000| PB 0x0000000712c00000| Untracked 
| 151|0x0000000712e00000, 0x0000000713000000, 0x0000000713000000|100%| O|  |TAMS 0x0000000713000000| PB 0x0000000712e00000| Untracked 
| 152|0x0000000713000000, 0x0000000713200000, 0x0000000713200000|100%| O|  |TAMS 0x0000000713200000| PB 0x0000000713000000| Untracked 
| 153|0x0000000713200000, 0x0000000713400000, 0x0000000713400000|100%| O|  |TAMS 0x0000000713400000| PB 0x0000000713200000| Untracked 
| 154|0x0000000713400000, 0x0000000713600000, 0x0000000713600000|100%| O|  |TAMS 0x0000000713600000| PB 0x0000000713400000| Untracked 
| 155|0x0000000713600000, 0x0000000713800000, 0x0000000713800000|100%| O|  |TAMS 0x0000000713800000| PB 0x0000000713600000| Untracked 
| 156|0x0000000713800000, 0x0000000713a00000, 0x0000000713a00000|100%| O|  |TAMS 0x0000000713a00000| PB 0x0000000713800000| Untracked 
| 157|0x0000000713a00000, 0x0000000713c00000, 0x0000000713c00000|100%| O|  |TAMS 0x0000000713c00000| PB 0x0000000713a00000| Untracked 
| 158|0x0000000713c00000, 0x0000000713e00000, 0x0000000713e00000|100%| O|  |TAMS 0x0000000713e00000| PB 0x0000000713c00000| Untracked 
| 159|0x0000000713e00000, 0x0000000714000000, 0x0000000714000000|100%| O|  |TAMS 0x0000000714000000| PB 0x0000000713e00000| Untracked 
| 160|0x0000000714000000, 0x0000000714200000, 0x0000000714200000|100%| O|  |TAMS 0x0000000714200000| PB 0x0000000714000000| Untracked 
| 161|0x0000000714200000, 0x0000000714400000, 0x0000000714400000|100%| O|  |TAMS 0x0000000714400000| PB 0x0000000714200000| Untracked 
| 162|0x0000000714400000, 0x0000000714600000, 0x0000000714600000|100%| O|  |TAMS 0x0000000714600000| PB 0x0000000714400000| Untracked 
| 163|0x0000000714600000, 0x0000000714600000, 0x0000000714800000|  0%| F|  |TAMS 0x0000000714600000| PB 0x0000000714600000| Untracked 
| 164|0x0000000714800000, 0x0000000714a00000, 0x0000000714a00000|100%| O|  |TAMS 0x0000000714a00000| PB 0x0000000714800000| Untracked 
| 165|0x0000000714a00000, 0x0000000714c00000, 0x0000000714c00000|100%| O|  |TAMS 0x0000000714c00000| PB 0x0000000714a00000| Untracked 
| 166|0x0000000714c00000, 0x0000000714e00000, 0x0000000714e00000|100%| O|  |TAMS 0x0000000714e00000| PB 0x0000000714c00000| Untracked 
| 167|0x0000000714e00000, 0x0000000715000000, 0x0000000715000000|100%| S|CS|TAMS 0x0000000714e00000| PB 0x0000000714e00000| Complete 
| 168|0x0000000715000000, 0x0000000715200000, 0x0000000715200000|100%| O|  |TAMS 0x0000000715200000| PB 0x0000000715000000| Untracked 
| 169|0x0000000715200000, 0x0000000715400000, 0x0000000715400000|100%| O|  |TAMS 0x0000000715400000| PB 0x0000000715200000| Untracked 
| 170|0x0000000715400000, 0x0000000715600000, 0x0000000715600000|100%| S|CS|TAMS 0x0000000715400000| PB 0x0000000715400000| Complete 
| 171|0x0000000715600000, 0x0000000715800000, 0x0000000715800000|100%| S|CS|TAMS 0x0000000715600000| PB 0x0000000715600000| Complete 
| 172|0x0000000715800000, 0x0000000715a00000, 0x0000000715a00000|100%|HS|  |TAMS 0x0000000715a00000| PB 0x0000000715800000| Complete 
| 173|0x0000000715a00000, 0x0000000715c00000, 0x0000000715c00000|100%|HC|  |TAMS 0x0000000715c00000| PB 0x0000000715a00000| Complete 
| 174|0x0000000715c00000, 0x0000000715e00000, 0x0000000715e00000|100%| O|  |TAMS 0x0000000715e00000| PB 0x0000000715c00000| Untracked 
| 175|0x0000000715e00000, 0x0000000716000000, 0x0000000716000000|100%| O|  |TAMS 0x0000000716000000| PB 0x0000000715e00000| Untracked 
| 176|0x0000000716000000, 0x0000000716200000, 0x0000000716200000|100%| O|  |TAMS 0x0000000716200000| PB 0x0000000716000000| Untracked 
| 177|0x0000000716200000, 0x0000000716400000, 0x0000000716400000|100%| O|  |TAMS 0x0000000716400000| PB 0x0000000716200000| Untracked 
| 178|0x0000000716400000, 0x0000000716600000, 0x0000000716600000|100%| O|  |TAMS 0x0000000716600000| PB 0x0000000716400000| Untracked 
| 179|0x0000000716600000, 0x0000000716800000, 0x0000000716800000|100%| O|  |TAMS 0x0000000716800000| PB 0x0000000716600000| Untracked 
| 180|0x0000000716800000, 0x0000000716a00000, 0x0000000716a00000|100%| O|  |TAMS 0x0000000716a00000| PB 0x0000000716800000| Untracked 
| 181|0x0000000716a00000, 0x0000000716c00000, 0x0000000716c00000|100%| O|  |TAMS 0x0000000716c00000| PB 0x0000000716a00000| Untracked 
| 182|0x0000000716c00000, 0x0000000716e00000, 0x0000000716e00000|100%| O|  |TAMS 0x0000000716e00000| PB 0x0000000716c00000| Untracked 
| 183|0x0000000716e00000, 0x0000000717000000, 0x0000000717000000|100%| O|  |TAMS 0x0000000717000000| PB 0x0000000716e00000| Untracked 
| 184|0x0000000717000000, 0x0000000717200000, 0x0000000717200000|100%| O|  |TAMS 0x0000000717200000| PB 0x0000000717000000| Untracked 
| 185|0x0000000717200000, 0x0000000717400000, 0x0000000717400000|100%| O|  |TAMS 0x0000000717400000| PB 0x0000000717200000| Untracked 
| 186|0x0000000717400000, 0x0000000717600000, 0x0000000717600000|100%| O|  |TAMS 0x0000000717600000| PB 0x0000000717400000| Untracked 
| 187|0x0000000717600000, 0x0000000717800000, 0x0000000717800000|100%| O|  |TAMS 0x0000000717800000| PB 0x0000000717600000| Untracked 
| 188|0x0000000717800000, 0x0000000717a00000, 0x0000000717a00000|100%| O|  |TAMS 0x0000000717a00000| PB 0x0000000717800000| Untracked 
| 189|0x0000000717a00000, 0x0000000717c00000, 0x0000000717c00000|100%| O|  |TAMS 0x0000000717c00000| PB 0x0000000717a00000| Untracked 
| 190|0x0000000717c00000, 0x0000000717e00000, 0x0000000717e00000|100%| O|  |TAMS 0x0000000717e00000| PB 0x0000000717c00000| Untracked 
| 191|0x0000000717e00000, 0x0000000718000000, 0x0000000718000000|100%| O|  |TAMS 0x0000000718000000| PB 0x0000000717e00000| Untracked 
| 192|0x0000000718000000, 0x0000000718200000, 0x0000000718200000|100%| O|  |TAMS 0x0000000718200000| PB 0x0000000718000000| Untracked 
| 193|0x0000000718200000, 0x0000000718400000, 0x0000000718400000|100%| O|  |TAMS 0x0000000718400000| PB 0x0000000718200000| Untracked 
| 194|0x0000000718400000, 0x0000000718600000, 0x0000000718600000|100%| O|  |TAMS 0x0000000718600000| PB 0x0000000718400000| Untracked 
| 195|0x0000000718600000, 0x0000000718800000, 0x0000000718800000|100%| O|  |TAMS 0x0000000718800000| PB 0x0000000718600000| Untracked 
| 196|0x0000000718800000, 0x0000000718a00000, 0x0000000718a00000|100%| O|  |TAMS 0x0000000718a00000| PB 0x0000000718800000| Untracked 
| 197|0x0000000718a00000, 0x0000000718c00000, 0x0000000718c00000|100%| O|  |TAMS 0x0000000718c00000| PB 0x0000000718a00000| Untracked 
| 198|0x0000000718c00000, 0x0000000718e00000, 0x0000000718e00000|100%| O|  |TAMS 0x0000000718e00000| PB 0x0000000718c00000| Untracked 
| 199|0x0000000718e00000, 0x0000000719000000, 0x0000000719000000|100%| O|  |TAMS 0x0000000719000000| PB 0x0000000718e00000| Untracked 
| 200|0x0000000719000000, 0x0000000719200000, 0x0000000719200000|100%| O|  |TAMS 0x0000000719200000| PB 0x0000000719000000| Untracked 
| 201|0x0000000719200000, 0x0000000719400000, 0x0000000719400000|100%| O|  |TAMS 0x0000000719400000| PB 0x0000000719200000| Untracked 
| 202|0x0000000719400000, 0x0000000719600000, 0x0000000719600000|100%| O|  |TAMS 0x0000000719600000| PB 0x0000000719400000| Untracked 
| 203|0x0000000719600000, 0x0000000719800000, 0x0000000719800000|100%| O|  |TAMS 0x0000000719800000| PB 0x0000000719600000| Untracked 
| 204|0x0000000719800000, 0x0000000719a00000, 0x0000000719a00000|100%| O|  |TAMS 0x0000000719a00000| PB 0x0000000719800000| Untracked 
| 205|0x0000000719a00000, 0x0000000719c00000, 0x0000000719c00000|100%| O|  |TAMS 0x0000000719c00000| PB 0x0000000719a00000| Untracked 
| 206|0x0000000719c00000, 0x0000000719e00000, 0x0000000719e00000|100%| O|  |TAMS 0x0000000719e00000| PB 0x0000000719c00000| Untracked 
| 207|0x0000000719e00000, 0x000000071a000000, 0x000000071a000000|100%| O|  |TAMS 0x000000071a000000| PB 0x0000000719e00000| Untracked 
| 208|0x000000071a000000, 0x000000071a200000, 0x000000071a200000|100%| O|  |TAMS 0x000000071a200000| PB 0x000000071a000000| Untracked 
| 209|0x000000071a200000, 0x000000071a400000, 0x000000071a400000|100%| O|  |TAMS 0x000000071a400000| PB 0x000000071a200000| Untracked 
| 210|0x000000071a400000, 0x000000071a600000, 0x000000071a600000|100%| O|  |TAMS 0x000000071a600000| PB 0x000000071a400000| Untracked 
| 211|0x000000071a600000, 0x000000071a800000, 0x000000071a800000|100%| O|  |TAMS 0x000000071a800000| PB 0x000000071a600000| Untracked 
| 212|0x000000071a800000, 0x000000071aa00000, 0x000000071aa00000|100%| O|  |TAMS 0x000000071aa00000| PB 0x000000071a800000| Untracked 
| 213|0x000000071aa00000, 0x000000071ac00000, 0x000000071ac00000|100%| O|  |TAMS 0x000000071ac00000| PB 0x000000071aa00000| Untracked 
| 214|0x000000071ac00000, 0x000000071ae00000, 0x000000071ae00000|100%| O|  |TAMS 0x000000071ae00000| PB 0x000000071ac00000| Untracked 
| 215|0x000000071ae00000, 0x000000071b000000, 0x000000071b000000|100%| O|  |TAMS 0x000000071b000000| PB 0x000000071ae00000| Untracked 
| 216|0x000000071b000000, 0x000000071b200000, 0x000000071b200000|100%| O|  |TAMS 0x000000071b200000| PB 0x000000071b000000| Untracked 
| 217|0x000000071b200000, 0x000000071b400000, 0x000000071b400000|100%| O|  |TAMS 0x000000071b400000| PB 0x000000071b200000| Untracked 
| 218|0x000000071b400000, 0x000000071b600000, 0x000000071b600000|100%| O|  |TAMS 0x000000071b600000| PB 0x000000071b400000| Untracked 
| 219|0x000000071b600000, 0x000000071b800000, 0x000000071b800000|100%| O|  |TAMS 0x000000071b800000| PB 0x000000071b600000| Untracked 
| 220|0x000000071b800000, 0x000000071ba00000, 0x000000071ba00000|100%| O|  |TAMS 0x000000071ba00000| PB 0x000000071b800000| Untracked 
| 221|0x000000071ba00000, 0x000000071bc00000, 0x000000071bc00000|100%| O|  |TAMS 0x000000071bc00000| PB 0x000000071ba00000| Untracked 
| 222|0x000000071bc00000, 0x000000071be00000, 0x000000071be00000|100%| O|  |TAMS 0x000000071be00000| PB 0x000000071bc00000| Untracked 
| 223|0x000000071be00000, 0x000000071c000000, 0x000000071c000000|100%| O|  |TAMS 0x000000071c000000| PB 0x000000071be00000| Untracked 
| 224|0x000000071c000000, 0x000000071c200000, 0x000000071c200000|100%| O|  |TAMS 0x000000071c200000| PB 0x000000071c000000| Untracked 
| 225|0x000000071c200000, 0x000000071c400000, 0x000000071c400000|100%| O|  |TAMS 0x000000071c400000| PB 0x000000071c200000| Untracked 
| 226|0x000000071c400000, 0x000000071c600000, 0x000000071c600000|100%| O|  |TAMS 0x000000071c600000| PB 0x000000071c400000| Untracked 
| 227|0x000000071c600000, 0x000000071c800000, 0x000000071c800000|100%| O|  |TAMS 0x000000071c800000| PB 0x000000071c600000| Untracked 
| 228|0x000000071c800000, 0x000000071ca00000, 0x000000071ca00000|100%| O|  |TAMS 0x000000071ca00000| PB 0x000000071c800000| Untracked 
| 229|0x000000071ca00000, 0x000000071cc00000, 0x000000071cc00000|100%| O|  |TAMS 0x000000071cc00000| PB 0x000000071ca00000| Untracked 
| 230|0x000000071cc00000, 0x000000071ce00000, 0x000000071ce00000|100%| O|  |TAMS 0x000000071ce00000| PB 0x000000071cc00000| Untracked 
| 231|0x000000071ce00000, 0x000000071d000000, 0x000000071d000000|100%| O|  |TAMS 0x000000071d000000| PB 0x000000071ce00000| Untracked 
| 232|0x000000071d000000, 0x000000071d200000, 0x000000071d200000|100%| O|  |TAMS 0x000000071d200000| PB 0x000000071d000000| Untracked 
| 233|0x000000071d200000, 0x000000071d400000, 0x000000071d400000|100%| O|  |TAMS 0x000000071d400000| PB 0x000000071d200000| Untracked 
| 234|0x000000071d400000, 0x000000071d600000, 0x000000071d600000|100%| O|  |TAMS 0x000000071d600000| PB 0x000000071d400000| Untracked 
| 235|0x000000071d600000, 0x000000071d800000, 0x000000071d800000|100%| O|  |TAMS 0x000000071d800000| PB 0x000000071d600000| Untracked 
| 236|0x000000071d800000, 0x000000071da00000, 0x000000071da00000|100%| O|  |TAMS 0x000000071da00000| PB 0x000000071d800000| Untracked 
| 237|0x000000071da00000, 0x000000071dc00000, 0x000000071dc00000|100%| O|  |TAMS 0x000000071dc00000| PB 0x000000071da00000| Untracked 
| 238|0x000000071dc00000, 0x000000071de00000, 0x000000071de00000|100%| O|  |TAMS 0x000000071de00000| PB 0x000000071dc00000| Untracked 
| 239|0x000000071de00000, 0x000000071e000000, 0x000000071e000000|100%| O|  |TAMS 0x000000071e000000| PB 0x000000071de00000| Untracked 
| 240|0x000000071e000000, 0x000000071e200000, 0x000000071e200000|100%| O|  |TAMS 0x000000071e200000| PB 0x000000071e000000| Untracked 
| 241|0x000000071e200000, 0x000000071e400000, 0x000000071e400000|100%| O|  |TAMS 0x000000071e400000| PB 0x000000071e200000| Untracked 
| 242|0x000000071e400000, 0x000000071e600000, 0x000000071e600000|100%| O|  |TAMS 0x000000071e600000| PB 0x000000071e400000| Untracked 
| 243|0x000000071e600000, 0x000000071e800000, 0x000000071e800000|100%| O|  |TAMS 0x000000071e800000| PB 0x000000071e600000| Untracked 
| 244|0x000000071e800000, 0x000000071ea00000, 0x000000071ea00000|100%| O|  |TAMS 0x000000071ea00000| PB 0x000000071e800000| Untracked 
| 245|0x000000071ea00000, 0x000000071ec00000, 0x000000071ec00000|100%| O|  |TAMS 0x000000071ec00000| PB 0x000000071ea00000| Untracked 
| 246|0x000000071ec00000, 0x000000071ee00000, 0x000000071ee00000|100%| O|  |TAMS 0x000000071ee00000| PB 0x000000071ec00000| Untracked 
| 247|0x000000071ee00000, 0x000000071f000000, 0x000000071f000000|100%| O|  |TAMS 0x000000071f000000| PB 0x000000071ee00000| Untracked 
| 248|0x000000071f000000, 0x000000071f200000, 0x000000071f200000|100%| O|  |TAMS 0x000000071f200000| PB 0x000000071f000000| Untracked 
| 249|0x000000071f200000, 0x000000071f400000, 0x000000071f400000|100%| O|  |TAMS 0x000000071f400000| PB 0x000000071f200000| Untracked 
| 250|0x000000071f400000, 0x000000071f600000, 0x000000071f600000|100%| O|  |TAMS 0x000000071f600000| PB 0x000000071f400000| Untracked 
| 251|0x000000071f600000, 0x000000071f800000, 0x000000071f800000|100%| O|  |TAMS 0x000000071f800000| PB 0x000000071f600000| Untracked 
| 252|0x000000071f800000, 0x000000071fa00000, 0x000000071fa00000|100%| O|  |TAMS 0x000000071fa00000| PB 0x000000071f800000| Untracked 
| 253|0x000000071fa00000, 0x000000071fc00000, 0x000000071fc00000|100%| O|  |TAMS 0x000000071fc00000| PB 0x000000071fa00000| Untracked 
| 254|0x000000071fc00000, 0x000000071fe00000, 0x000000071fe00000|100%| S|CS|TAMS 0x000000071fc00000| PB 0x000000071fc00000| Complete 
| 255|0x000000071fe00000, 0x0000000720000000, 0x0000000720000000|100%| O|  |TAMS 0x0000000720000000| PB 0x000000071fe00000| Untracked 
| 256|0x0000000720000000, 0x0000000720200000, 0x0000000720200000|100%| O|  |TAMS 0x0000000720200000| PB 0x0000000720000000| Untracked 
| 257|0x0000000720200000, 0x0000000720400000, 0x0000000720400000|100%| O|  |TAMS 0x0000000720400000| PB 0x0000000720200000| Untracked 
| 258|0x0000000720400000, 0x0000000720600000, 0x0000000720600000|100%| O|  |TAMS 0x0000000720600000| PB 0x0000000720400000| Untracked 
| 259|0x0000000720600000, 0x0000000720800000, 0x0000000720800000|100%| O|  |TAMS 0x0000000720800000| PB 0x0000000720600000| Untracked 
| 260|0x0000000720800000, 0x0000000720a00000, 0x0000000720a00000|100%| O|  |TAMS 0x0000000720a00000| PB 0x0000000720800000| Untracked 
| 261|0x0000000720a00000, 0x0000000720c00000, 0x0000000720c00000|100%| O|  |TAMS 0x0000000720c00000| PB 0x0000000720a00000| Untracked 
| 262|0x0000000720c00000, 0x0000000720e00000, 0x0000000720e00000|100%| O|  |TAMS 0x0000000720e00000| PB 0x0000000720c00000| Untracked 
| 263|0x0000000720e00000, 0x0000000721000000, 0x0000000721000000|100%| O|  |TAMS 0x0000000721000000| PB 0x0000000720e00000| Untracked 
| 264|0x0000000721000000, 0x0000000721200000, 0x0000000721200000|100%| O|  |TAMS 0x0000000721200000| PB 0x0000000721000000| Untracked 
| 265|0x0000000721200000, 0x0000000721400000, 0x0000000721400000|100%| O|  |TAMS 0x0000000721400000| PB 0x0000000721200000| Untracked 
| 266|0x0000000721400000, 0x0000000721600000, 0x0000000721600000|100%| O|  |TAMS 0x0000000721600000| PB 0x0000000721400000| Untracked 
| 267|0x0000000721600000, 0x0000000721800000, 0x0000000721800000|100%| O|  |TAMS 0x0000000721800000| PB 0x0000000721600000| Untracked 
| 268|0x0000000721800000, 0x0000000721a00000, 0x0000000721a00000|100%| O|  |TAMS 0x0000000721a00000| PB 0x0000000721800000| Untracked 
| 269|0x0000000721a00000, 0x0000000721c00000, 0x0000000721c00000|100%| O|  |TAMS 0x0000000721c00000| PB 0x0000000721a00000| Untracked 
| 270|0x0000000721c00000, 0x0000000721e00000, 0x0000000721e00000|100%| O|  |TAMS 0x0000000721e00000| PB 0x0000000721c00000| Untracked 
| 271|0x0000000721e00000, 0x0000000722000000, 0x0000000722000000|100%| O|  |TAMS 0x0000000722000000| PB 0x0000000721e00000| Untracked 
| 272|0x0000000722000000, 0x0000000722200000, 0x0000000722200000|100%| O|  |TAMS 0x0000000722200000| PB 0x0000000722000000| Untracked 
| 273|0x0000000722200000, 0x0000000722400000, 0x0000000722400000|100%| O|  |TAMS 0x0000000722400000| PB 0x0000000722200000| Untracked 
| 274|0x0000000722400000, 0x0000000722600000, 0x0000000722600000|100%| O|  |TAMS 0x0000000722600000| PB 0x0000000722400000| Untracked 
| 275|0x0000000722600000, 0x0000000722800000, 0x0000000722800000|100%| O|  |TAMS 0x0000000722800000| PB 0x0000000722600000| Untracked 
| 276|0x0000000722800000, 0x0000000722a00000, 0x0000000722a00000|100%| O|  |TAMS 0x0000000722a00000| PB 0x0000000722800000| Untracked 
| 277|0x0000000722a00000, 0x0000000722c00000, 0x0000000722c00000|100%| O|  |TAMS 0x0000000722c00000| PB 0x0000000722a00000| Untracked 
| 278|0x0000000722c00000, 0x0000000722e00000, 0x0000000722e00000|100%| O|  |TAMS 0x0000000722e00000| PB 0x0000000722c00000| Untracked 
| 279|0x0000000722e00000, 0x0000000723000000, 0x0000000723000000|100%| O|  |TAMS 0x0000000723000000| PB 0x0000000722e00000| Untracked 
| 280|0x0000000723000000, 0x0000000723200000, 0x0000000723200000|100%| O|  |TAMS 0x0000000723200000| PB 0x0000000723000000| Untracked 
| 281|0x0000000723200000, 0x0000000723400000, 0x0000000723400000|100%| O|  |TAMS 0x0000000723400000| PB 0x0000000723200000| Untracked 
| 282|0x0000000723400000, 0x0000000723600000, 0x0000000723600000|100%| O|  |TAMS 0x0000000723600000| PB 0x0000000723400000| Untracked 
| 283|0x0000000723600000, 0x0000000723800000, 0x0000000723800000|100%| O|  |TAMS 0x0000000723800000| PB 0x0000000723600000| Untracked 
| 284|0x0000000723800000, 0x0000000723a00000, 0x0000000723a00000|100%| O|  |TAMS 0x0000000723a00000| PB 0x0000000723800000| Untracked 
| 285|0x0000000723a00000, 0x0000000723c00000, 0x0000000723c00000|100%| O|  |TAMS 0x0000000723c00000| PB 0x0000000723a00000| Untracked 
| 286|0x0000000723c00000, 0x0000000723e00000, 0x0000000723e00000|100%| O|  |TAMS 0x0000000723e00000| PB 0x0000000723c00000| Untracked 
| 287|0x0000000723e00000, 0x0000000724000000, 0x0000000724000000|100%| O|  |TAMS 0x0000000724000000| PB 0x0000000723e00000| Untracked 
| 288|0x0000000724000000, 0x0000000724200000, 0x0000000724200000|100%| O|  |TAMS 0x0000000724200000| PB 0x0000000724000000| Untracked 
| 289|0x0000000724200000, 0x0000000724400000, 0x0000000724400000|100%| O|  |TAMS 0x0000000724400000| PB 0x0000000724200000| Untracked 
| 290|0x0000000724400000, 0x0000000724600000, 0x0000000724600000|100%| O|  |TAMS 0x0000000724600000| PB 0x0000000724400000| Untracked 
| 291|0x0000000724600000, 0x0000000724800000, 0x0000000724800000|100%| O|  |TAMS 0x0000000724800000| PB 0x0000000724600000| Untracked 
| 292|0x0000000724800000, 0x0000000724a00000, 0x0000000724a00000|100%| O|  |TAMS 0x0000000724a00000| PB 0x0000000724800000| Untracked 
| 293|0x0000000724a00000, 0x0000000724c00000, 0x0000000724c00000|100%| O|  |TAMS 0x0000000724c00000| PB 0x0000000724a00000| Untracked 
| 294|0x0000000724c00000, 0x0000000724e00000, 0x0000000724e00000|100%| O|  |TAMS 0x0000000724e00000| PB 0x0000000724c00000| Untracked 
| 295|0x0000000724e00000, 0x0000000725000000, 0x0000000725000000|100%| O|  |TAMS 0x0000000725000000| PB 0x0000000724e00000| Untracked 
| 296|0x0000000725000000, 0x0000000725200000, 0x0000000725200000|100%| O|  |TAMS 0x0000000725200000| PB 0x0000000725000000| Untracked 
| 297|0x0000000725200000, 0x0000000725400000, 0x0000000725400000|100%| O|  |TAMS 0x0000000725400000| PB 0x0000000725200000| Untracked 
| 298|0x0000000725400000, 0x0000000725600000, 0x0000000725600000|100%| O|  |TAMS 0x0000000725600000| PB 0x0000000725400000| Untracked 
| 299|0x0000000725600000, 0x0000000725800000, 0x0000000725800000|100%| O|  |TAMS 0x0000000725800000| PB 0x0000000725600000| Untracked 
| 300|0x0000000725800000, 0x0000000725a00000, 0x0000000725a00000|100%| O|  |TAMS 0x0000000725a00000| PB 0x0000000725800000| Untracked 
| 301|0x0000000725a00000, 0x0000000725c00000, 0x0000000725c00000|100%| O|  |TAMS 0x0000000725c00000| PB 0x0000000725a00000| Untracked 
| 302|0x0000000725c00000, 0x0000000725e00000, 0x0000000725e00000|100%| O|  |TAMS 0x0000000725e00000| PB 0x0000000725c00000| Untracked 
| 303|0x0000000725e00000, 0x0000000726000000, 0x0000000726000000|100%| S|CS|TAMS 0x0000000725e00000| PB 0x0000000725e00000| Complete 
| 304|0x0000000726000000, 0x0000000726200000, 0x0000000726200000|100%| S|CS|TAMS 0x0000000726000000| PB 0x0000000726000000| Complete 
| 305|0x0000000726200000, 0x0000000726400000, 0x0000000726400000|100%| O|  |TAMS 0x0000000726400000| PB 0x0000000726200000| Untracked 
| 306|0x0000000726400000, 0x0000000726600000, 0x0000000726600000|100%| O|  |TAMS 0x0000000726600000| PB 0x0000000726400000| Untracked 
| 307|0x0000000726600000, 0x0000000726800000, 0x0000000726800000|100%| O|  |TAMS 0x0000000726800000| PB 0x0000000726600000| Untracked 
| 308|0x0000000726800000, 0x0000000726a00000, 0x0000000726a00000|100%| O|  |TAMS 0x0000000726a00000| PB 0x0000000726800000| Untracked 
| 309|0x0000000726a00000, 0x0000000726c00000, 0x0000000726c00000|100%| O|  |TAMS 0x0000000726c00000| PB 0x0000000726a00000| Untracked 
| 310|0x0000000726c00000, 0x0000000726e00000, 0x0000000726e00000|100%| O|  |TAMS 0x0000000726e00000| PB 0x0000000726c00000| Untracked 
| 311|0x0000000726e00000, 0x0000000727000000, 0x0000000727000000|100%| O|  |TAMS 0x0000000727000000| PB 0x0000000726e00000| Untracked 
| 312|0x0000000727000000, 0x0000000727200000, 0x0000000727200000|100%| O|  |TAMS 0x0000000727200000| PB 0x0000000727000000| Untracked 
| 313|0x0000000727200000, 0x0000000727400000, 0x0000000727400000|100%| O|  |TAMS 0x0000000727400000| PB 0x0000000727200000| Untracked 
| 314|0x0000000727400000, 0x0000000727600000, 0x0000000727600000|100%| O|  |TAMS 0x0000000727600000| PB 0x0000000727400000| Untracked 
| 315|0x0000000727600000, 0x0000000727800000, 0x0000000727800000|100%| O|  |TAMS 0x0000000727800000| PB 0x0000000727600000| Untracked 
| 316|0x0000000727800000, 0x0000000727a00000, 0x0000000727a00000|100%| O|  |TAMS 0x00000007278cb018| PB 0x0000000727800000| Untracked 
| 317|0x0000000727a00000, 0x0000000727c00000, 0x0000000727c00000|100%| S|CS|TAMS 0x0000000727a00000| PB 0x0000000727a00000| Complete 
| 318|0x0000000727c00000, 0x0000000727e00000, 0x0000000727e00000|100%| S|CS|TAMS 0x0000000727c00000| PB 0x0000000727c00000| Complete 
| 319|0x0000000727e00000, 0x0000000728000000, 0x0000000728000000|100%| S|CS|TAMS 0x0000000727e00000| PB 0x0000000727e00000| Complete 
| 320|0x0000000728000000, 0x0000000728200000, 0x0000000728200000|100%| S|CS|TAMS 0x0000000728000000| PB 0x0000000728000000| Complete 
| 321|0x0000000728200000, 0x0000000728400000, 0x0000000728400000|100%| S|CS|TAMS 0x0000000728200000| PB 0x0000000728200000| Complete 
| 322|0x0000000728400000, 0x0000000728600000, 0x0000000728600000|100%| S|CS|TAMS 0x0000000728400000| PB 0x0000000728400000| Complete 
| 323|0x0000000728600000, 0x0000000728800000, 0x0000000728800000|100%| S|CS|TAMS 0x0000000728600000| PB 0x0000000728600000| Complete 
| 324|0x0000000728800000, 0x0000000728a00000, 0x0000000728a00000|100%| S|CS|TAMS 0x0000000728800000| PB 0x0000000728800000| Complete 
| 325|0x0000000728a00000, 0x0000000728c00000, 0x0000000728c00000|100%| S|CS|TAMS 0x0000000728a00000| PB 0x0000000728a00000| Complete 
| 326|0x0000000728c00000, 0x0000000728e00000, 0x0000000728e00000|100%| S|CS|TAMS 0x0000000728c00000| PB 0x0000000728c00000| Complete 
| 327|0x0000000728e00000, 0x0000000729000000, 0x0000000729000000|100%| S|CS|TAMS 0x0000000728e00000| PB 0x0000000728e00000| Complete 
| 328|0x0000000729000000, 0x0000000729000000, 0x0000000729200000|  0%| F|  |TAMS 0x0000000729000000| PB 0x0000000729000000| Untracked 
| 329|0x0000000729200000, 0x0000000729200000, 0x0000000729400000|  0%| F|  |TAMS 0x0000000729200000| PB 0x0000000729200000| Untracked 
| 330|0x0000000729400000, 0x0000000729400000, 0x0000000729600000|  0%| F|  |TAMS 0x0000000729400000| PB 0x0000000729400000| Untracked 
| 331|0x0000000729600000, 0x0000000729600000, 0x0000000729800000|  0%| F|  |TAMS 0x0000000729600000| PB 0x0000000729600000| Untracked 
| 332|0x0000000729800000, 0x0000000729800000, 0x0000000729a00000|  0%| F|  |TAMS 0x0000000729800000| PB 0x0000000729800000| Untracked 
| 333|0x0000000729a00000, 0x0000000729a00000, 0x0000000729c00000|  0%| F|  |TAMS 0x0000000729a00000| PB 0x0000000729a00000| Untracked 
| 334|0x0000000729c00000, 0x0000000729c00000, 0x0000000729e00000|  0%| F|  |TAMS 0x0000000729c00000| PB 0x0000000729c00000| Untracked 
| 335|0x0000000729e00000, 0x0000000729e00000, 0x000000072a000000|  0%| F|  |TAMS 0x0000000729e00000| PB 0x0000000729e00000| Untracked 
| 336|0x000000072a000000, 0x000000072a000000, 0x000000072a200000|  0%| F|  |TAMS 0x000000072a000000| PB 0x000000072a000000| Untracked 
| 337|0x000000072a200000, 0x000000072a200000, 0x000000072a400000|  0%| F|  |TAMS 0x000000072a200000| PB 0x000000072a200000| Untracked 
| 338|0x000000072a400000, 0x000000072a400000, 0x000000072a600000|  0%| F|  |TAMS 0x000000072a400000| PB 0x000000072a400000| Untracked 
| 339|0x000000072a600000, 0x000000072a600000, 0x000000072a800000|  0%| F|  |TAMS 0x000000072a600000| PB 0x000000072a600000| Untracked 
| 340|0x000000072a800000, 0x000000072a800000, 0x000000072aa00000|  0%| F|  |TAMS 0x000000072a800000| PB 0x000000072a800000| Untracked 
| 341|0x000000072aa00000, 0x000000072aa00000, 0x000000072ac00000|  0%| F|  |TAMS 0x000000072aa00000| PB 0x000000072aa00000| Untracked 
| 342|0x000000072ac00000, 0x000000072ac00000, 0x000000072ae00000|  0%| F|  |TAMS 0x000000072ac00000| PB 0x000000072ac00000| Untracked 
| 343|0x000000072ae00000, 0x000000072ae00000, 0x000000072b000000|  0%| F|  |TAMS 0x000000072ae00000| PB 0x000000072ae00000| Untracked 
| 344|0x000000072b000000, 0x000000072b000000, 0x000000072b200000|  0%| F|  |TAMS 0x000000072b000000| PB 0x000000072b000000| Untracked 
| 345|0x000000072b200000, 0x000000072b200000, 0x000000072b400000|  0%| F|  |TAMS 0x000000072b200000| PB 0x000000072b200000| Untracked 
| 346|0x000000072b400000, 0x000000072b400000, 0x000000072b600000|  0%| F|  |TAMS 0x000000072b400000| PB 0x000000072b400000| Untracked 
| 347|0x000000072b600000, 0x000000072b600000, 0x000000072b800000|  0%| F|  |TAMS 0x000000072b600000| PB 0x000000072b600000| Untracked 
| 348|0x000000072b800000, 0x000000072b800000, 0x000000072ba00000|  0%| F|  |TAMS 0x000000072b800000| PB 0x000000072b800000| Untracked 
| 349|0x000000072ba00000, 0x000000072ba00000, 0x000000072bc00000|  0%| F|  |TAMS 0x000000072ba00000| PB 0x000000072ba00000| Untracked 
| 350|0x000000072bc00000, 0x000000072bc00000, 0x000000072be00000|  0%| F|  |TAMS 0x000000072bc00000| PB 0x000000072bc00000| Untracked 
| 351|0x000000072be00000, 0x000000072be00000, 0x000000072c000000|  0%| F|  |TAMS 0x000000072be00000| PB 0x000000072be00000| Untracked 
| 352|0x000000072c000000, 0x000000072c000000, 0x000000072c200000|  0%| F|  |TAMS 0x000000072c000000| PB 0x000000072c000000| Untracked 
| 353|0x000000072c200000, 0x000000072c200000, 0x000000072c400000|  0%| F|  |TAMS 0x000000072c200000| PB 0x000000072c200000| Untracked 
| 354|0x000000072c400000, 0x000000072c400000, 0x000000072c600000|  0%| F|  |TAMS 0x000000072c400000| PB 0x000000072c400000| Untracked 
| 355|0x000000072c600000, 0x000000072c600000, 0x000000072c800000|  0%| F|  |TAMS 0x000000072c600000| PB 0x000000072c600000| Untracked 
| 356|0x000000072c800000, 0x000000072c800000, 0x000000072ca00000|  0%| F|  |TAMS 0x000000072c800000| PB 0x000000072c800000| Untracked 
| 357|0x000000072ca00000, 0x000000072ca00000, 0x000000072cc00000|  0%| F|  |TAMS 0x000000072ca00000| PB 0x000000072ca00000| Untracked 
| 358|0x000000072cc00000, 0x000000072cc00000, 0x000000072ce00000|  0%| F|  |TAMS 0x000000072cc00000| PB 0x000000072cc00000| Untracked 
| 359|0x000000072ce00000, 0x000000072ce00000, 0x000000072d000000|  0%| F|  |TAMS 0x000000072ce00000| PB 0x000000072ce00000| Untracked 
| 360|0x000000072d000000, 0x000000072d000000, 0x000000072d200000|  0%| F|  |TAMS 0x000000072d000000| PB 0x000000072d000000| Untracked 
| 361|0x000000072d200000, 0x000000072d200000, 0x000000072d400000|  0%| F|  |TAMS 0x000000072d200000| PB 0x000000072d200000| Untracked 
| 362|0x000000072d400000, 0x000000072d400000, 0x000000072d600000|  0%| F|  |TAMS 0x000000072d400000| PB 0x000000072d400000| Untracked 
| 363|0x000000072d600000, 0x000000072d600000, 0x000000072d800000|  0%| F|  |TAMS 0x000000072d600000| PB 0x000000072d600000| Untracked 
| 364|0x000000072d800000, 0x000000072d800000, 0x000000072da00000|  0%| F|  |TAMS 0x000000072d800000| PB 0x000000072d800000| Untracked 
| 365|0x000000072da00000, 0x000000072da00000, 0x000000072dc00000|  0%| F|  |TAMS 0x000000072da00000| PB 0x000000072da00000| Untracked 
| 366|0x000000072dc00000, 0x000000072dc00000, 0x000000072de00000|  0%| F|  |TAMS 0x000000072dc00000| PB 0x000000072dc00000| Untracked 
| 367|0x000000072de00000, 0x000000072de00000, 0x000000072e000000|  0%| F|  |TAMS 0x000000072de00000| PB 0x000000072de00000| Untracked 
| 368|0x000000072e000000, 0x000000072e000000, 0x000000072e200000|  0%| F|  |TAMS 0x000000072e000000| PB 0x000000072e000000| Untracked 
| 369|0x000000072e200000, 0x000000072e200000, 0x000000072e400000|  0%| F|  |TAMS 0x000000072e200000| PB 0x000000072e200000| Untracked 
| 370|0x000000072e400000, 0x000000072e400000, 0x000000072e600000|  0%| F|  |TAMS 0x000000072e400000| PB 0x000000072e400000| Untracked 
| 371|0x000000072e600000, 0x000000072e600000, 0x000000072e800000|  0%| F|  |TAMS 0x000000072e600000| PB 0x000000072e600000| Untracked 
| 372|0x000000072e800000, 0x000000072e800000, 0x000000072ea00000|  0%| F|  |TAMS 0x000000072e800000| PB 0x000000072e800000| Untracked 
| 373|0x000000072ea00000, 0x000000072ea00000, 0x000000072ec00000|  0%| F|  |TAMS 0x000000072ea00000| PB 0x000000072ea00000| Untracked 
| 374|0x000000072ec00000, 0x000000072ec00000, 0x000000072ee00000|  0%| F|  |TAMS 0x000000072ec00000| PB 0x000000072ec00000| Untracked 
| 375|0x000000072ee00000, 0x000000072ee00000, 0x000000072f000000|  0%| F|  |TAMS 0x000000072ee00000| PB 0x000000072ee00000| Untracked 
| 376|0x000000072f000000, 0x000000072f000000, 0x000000072f200000|  0%| F|  |TAMS 0x000000072f000000| PB 0x000000072f000000| Untracked 
| 377|0x000000072f200000, 0x000000072f200000, 0x000000072f400000|  0%| F|  |TAMS 0x000000072f200000| PB 0x000000072f200000| Untracked 
| 378|0x000000072f400000, 0x000000072f400000, 0x000000072f600000|  0%| F|  |TAMS 0x000000072f400000| PB 0x000000072f400000| Untracked 
| 379|0x000000072f600000, 0x000000072f600000, 0x000000072f800000|  0%| F|  |TAMS 0x000000072f600000| PB 0x000000072f600000| Untracked 
| 380|0x000000072f800000, 0x000000072f800000, 0x000000072fa00000|  0%| F|  |TAMS 0x000000072f800000| PB 0x000000072f800000| Untracked 
| 381|0x000000072fa00000, 0x000000072fa00000, 0x000000072fc00000|  0%| F|  |TAMS 0x000000072fa00000| PB 0x000000072fa00000| Untracked 
| 382|0x000000072fc00000, 0x000000072fc00000, 0x000000072fe00000|  0%| F|  |TAMS 0x000000072fc00000| PB 0x000000072fc00000| Untracked 
| 383|0x000000072fe00000, 0x000000072fe00000, 0x0000000730000000|  0%| F|  |TAMS 0x000000072fe00000| PB 0x000000072fe00000| Untracked 
| 384|0x0000000730000000, 0x0000000730000000, 0x0000000730200000|  0%| F|  |TAMS 0x0000000730000000| PB 0x0000000730000000| Untracked 
| 385|0x0000000730200000, 0x0000000730200000, 0x0000000730400000|  0%| F|  |TAMS 0x0000000730200000| PB 0x0000000730200000| Untracked 
| 386|0x0000000730400000, 0x0000000730400000, 0x0000000730600000|  0%| F|  |TAMS 0x0000000730400000| PB 0x0000000730400000| Untracked 
| 387|0x0000000730600000, 0x0000000730600000, 0x0000000730800000|  0%| F|  |TAMS 0x0000000730600000| PB 0x0000000730600000| Untracked 
| 388|0x0000000730800000, 0x0000000730800000, 0x0000000730a00000|  0%| F|  |TAMS 0x0000000730800000| PB 0x0000000730800000| Untracked 
| 389|0x0000000730a00000, 0x0000000730a00000, 0x0000000730c00000|  0%| F|  |TAMS 0x0000000730a00000| PB 0x0000000730a00000| Untracked 
| 390|0x0000000730c00000, 0x0000000730c00000, 0x0000000730e00000|  0%| F|  |TAMS 0x0000000730c00000| PB 0x0000000730c00000| Untracked 
| 391|0x0000000730e00000, 0x0000000730e00000, 0x0000000731000000|  0%| F|  |TAMS 0x0000000730e00000| PB 0x0000000730e00000| Untracked 
| 392|0x0000000731000000, 0x0000000731000000, 0x0000000731200000|  0%| F|  |TAMS 0x0000000731000000| PB 0x0000000731000000| Untracked 
| 393|0x0000000731200000, 0x0000000731200000, 0x0000000731400000|  0%| F|  |TAMS 0x0000000731200000| PB 0x0000000731200000| Untracked 
| 394|0x0000000731400000, 0x0000000731400000, 0x0000000731600000|  0%| F|  |TAMS 0x0000000731400000| PB 0x0000000731400000| Untracked 
| 395|0x0000000731600000, 0x0000000731600000, 0x0000000731800000|  0%| F|  |TAMS 0x0000000731600000| PB 0x0000000731600000| Untracked 
| 396|0x0000000731800000, 0x0000000731800000, 0x0000000731a00000|  0%| F|  |TAMS 0x0000000731800000| PB 0x0000000731800000| Untracked 
| 397|0x0000000731a00000, 0x0000000731a00000, 0x0000000731c00000|  0%| F|  |TAMS 0x0000000731a00000| PB 0x0000000731a00000| Untracked 
| 398|0x0000000731c00000, 0x0000000731c00000, 0x0000000731e00000|  0%| F|  |TAMS 0x0000000731c00000| PB 0x0000000731c00000| Untracked 
| 399|0x0000000731e00000, 0x0000000731e00000, 0x0000000732000000|  0%| F|  |TAMS 0x0000000731e00000| PB 0x0000000731e00000| Untracked 
| 400|0x0000000732000000, 0x0000000732000000, 0x0000000732200000|  0%| F|  |TAMS 0x0000000732000000| PB 0x0000000732000000| Untracked 
| 401|0x0000000732200000, 0x0000000732200000, 0x0000000732400000|  0%| F|  |TAMS 0x0000000732200000| PB 0x0000000732200000| Untracked 
| 402|0x0000000732400000, 0x0000000732400000, 0x0000000732600000|  0%| F|  |TAMS 0x0000000732400000| PB 0x0000000732400000| Untracked 
| 403|0x0000000732600000, 0x0000000732600000, 0x0000000732800000|  0%| F|  |TAMS 0x0000000732600000| PB 0x0000000732600000| Untracked 
| 404|0x0000000732800000, 0x0000000732800000, 0x0000000732a00000|  0%| F|  |TAMS 0x0000000732800000| PB 0x0000000732800000| Untracked 
| 405|0x0000000732a00000, 0x0000000732a00000, 0x0000000732c00000|  0%| F|  |TAMS 0x0000000732a00000| PB 0x0000000732a00000| Untracked 
| 406|0x0000000732c00000, 0x0000000732c00000, 0x0000000732e00000|  0%| F|  |TAMS 0x0000000732c00000| PB 0x0000000732c00000| Untracked 
| 407|0x0000000732e00000, 0x0000000732e00000, 0x0000000733000000|  0%| F|  |TAMS 0x0000000732e00000| PB 0x0000000732e00000| Untracked 
| 408|0x0000000733000000, 0x0000000733000000, 0x0000000733200000|  0%| F|  |TAMS 0x0000000733000000| PB 0x0000000733000000| Untracked 
| 409|0x0000000733200000, 0x0000000733200000, 0x0000000733400000|  0%| F|  |TAMS 0x0000000733200000| PB 0x0000000733200000| Untracked 
| 410|0x0000000733400000, 0x0000000733400000, 0x0000000733600000|  0%| F|  |TAMS 0x0000000733400000| PB 0x0000000733400000| Untracked 
| 411|0x0000000733600000, 0x0000000733600000, 0x0000000733800000|  0%| F|  |TAMS 0x0000000733600000| PB 0x0000000733600000| Untracked 
| 412|0x0000000733800000, 0x0000000733800000, 0x0000000733a00000|  0%| F|  |TAMS 0x0000000733800000| PB 0x0000000733800000| Untracked 
| 413|0x0000000733a00000, 0x0000000733a00000, 0x0000000733c00000|  0%| F|  |TAMS 0x0000000733a00000| PB 0x0000000733a00000| Untracked 
| 414|0x0000000733c00000, 0x0000000733c00000, 0x0000000733e00000|  0%| F|  |TAMS 0x0000000733c00000| PB 0x0000000733c00000| Untracked 
| 415|0x0000000733e00000, 0x0000000733e00000, 0x0000000734000000|  0%| F|  |TAMS 0x0000000733e00000| PB 0x0000000733e00000| Untracked 
| 416|0x0000000734000000, 0x0000000734000000, 0x0000000734200000|  0%| F|  |TAMS 0x0000000734000000| PB 0x0000000734000000| Untracked 
| 417|0x0000000734200000, 0x0000000734200000, 0x0000000734400000|  0%| F|  |TAMS 0x0000000734200000| PB 0x0000000734200000| Untracked 
| 418|0x0000000734400000, 0x0000000734400000, 0x0000000734600000|  0%| F|  |TAMS 0x0000000734400000| PB 0x0000000734400000| Untracked 
| 419|0x0000000734600000, 0x0000000734600000, 0x0000000734800000|  0%| F|  |TAMS 0x0000000734600000| PB 0x0000000734600000| Untracked 
| 420|0x0000000734800000, 0x0000000734800000, 0x0000000734a00000|  0%| F|  |TAMS 0x0000000734800000| PB 0x0000000734800000| Untracked 
| 421|0x0000000734a00000, 0x0000000734a00000, 0x0000000734c00000|  0%| F|  |TAMS 0x0000000734a00000| PB 0x0000000734a00000| Untracked 
| 422|0x0000000734c00000, 0x0000000734c00000, 0x0000000734e00000|  0%| F|  |TAMS 0x0000000734c00000| PB 0x0000000734c00000| Untracked 
| 423|0x0000000734e00000, 0x0000000734e00000, 0x0000000735000000|  0%| F|  |TAMS 0x0000000734e00000| PB 0x0000000734e00000| Untracked 
| 424|0x0000000735000000, 0x0000000735000000, 0x0000000735200000|  0%| F|  |TAMS 0x0000000735000000| PB 0x0000000735000000| Untracked 
| 425|0x0000000735200000, 0x0000000735200000, 0x0000000735400000|  0%| F|  |TAMS 0x0000000735200000| PB 0x0000000735200000| Untracked 
| 426|0x0000000735400000, 0x0000000735400000, 0x0000000735600000|  0%| F|  |TAMS 0x0000000735400000| PB 0x0000000735400000| Untracked 
| 427|0x0000000735600000, 0x0000000735600000, 0x0000000735800000|  0%| F|  |TAMS 0x0000000735600000| PB 0x0000000735600000| Untracked 
| 428|0x0000000735800000, 0x0000000735800000, 0x0000000735a00000|  0%| F|  |TAMS 0x0000000735800000| PB 0x0000000735800000| Untracked 
| 429|0x0000000735a00000, 0x0000000735a00000, 0x0000000735c00000|  0%| F|  |TAMS 0x0000000735a00000| PB 0x0000000735a00000| Untracked 
| 430|0x0000000735c00000, 0x0000000735c00000, 0x0000000735e00000|  0%| F|  |TAMS 0x0000000735c00000| PB 0x0000000735c00000| Untracked 
| 431|0x0000000735e00000, 0x0000000735e00000, 0x0000000736000000|  0%| F|  |TAMS 0x0000000735e00000| PB 0x0000000735e00000| Untracked 
| 432|0x0000000736000000, 0x0000000736000000, 0x0000000736200000|  0%| F|  |TAMS 0x0000000736000000| PB 0x0000000736000000| Untracked 
| 433|0x0000000736200000, 0x0000000736200000, 0x0000000736400000|  0%| F|  |TAMS 0x0000000736200000| PB 0x0000000736200000| Untracked 
| 434|0x0000000736400000, 0x0000000736400000, 0x0000000736600000|  0%| F|  |TAMS 0x0000000736400000| PB 0x0000000736400000| Untracked 
| 435|0x0000000736600000, 0x0000000736600000, 0x0000000736800000|  0%| F|  |TAMS 0x0000000736600000| PB 0x0000000736600000| Untracked 
| 436|0x0000000736800000, 0x0000000736800000, 0x0000000736a00000|  0%| F|  |TAMS 0x0000000736800000| PB 0x0000000736800000| Untracked 
| 437|0x0000000736a00000, 0x0000000736a00000, 0x0000000736c00000|  0%| F|  |TAMS 0x0000000736a00000| PB 0x0000000736a00000| Untracked 
| 438|0x0000000736c00000, 0x0000000736c00000, 0x0000000736e00000|  0%| F|  |TAMS 0x0000000736c00000| PB 0x0000000736c00000| Untracked 
| 439|0x0000000736e00000, 0x0000000736e00000, 0x0000000737000000|  0%| F|  |TAMS 0x0000000736e00000| PB 0x0000000736e00000| Untracked 
| 440|0x0000000737000000, 0x0000000737000000, 0x0000000737200000|  0%| F|  |TAMS 0x0000000737000000| PB 0x0000000737000000| Untracked 
| 441|0x0000000737200000, 0x0000000737200000, 0x0000000737400000|  0%| F|  |TAMS 0x0000000737200000| PB 0x0000000737200000| Untracked 
| 442|0x0000000737400000, 0x0000000737400000, 0x0000000737600000|  0%| F|  |TAMS 0x0000000737400000| PB 0x0000000737400000| Untracked 
| 443|0x0000000737600000, 0x0000000737600000, 0x0000000737800000|  0%| F|  |TAMS 0x0000000737600000| PB 0x0000000737600000| Untracked 
| 444|0x0000000737800000, 0x0000000737800000, 0x0000000737a00000|  0%| F|  |TAMS 0x0000000737800000| PB 0x0000000737800000| Untracked 
| 445|0x0000000737a00000, 0x0000000737a00000, 0x0000000737c00000|  0%| F|  |TAMS 0x0000000737a00000| PB 0x0000000737a00000| Untracked 
| 446|0x0000000737c00000, 0x0000000737c00000, 0x0000000737e00000|  0%| F|  |TAMS 0x0000000737c00000| PB 0x0000000737c00000| Untracked 
| 447|0x0000000737e00000, 0x0000000737e00000, 0x0000000738000000|  0%| F|  |TAMS 0x0000000737e00000| PB 0x0000000737e00000| Untracked 
| 448|0x0000000738000000, 0x0000000738000000, 0x0000000738200000|  0%| F|  |TAMS 0x0000000738000000| PB 0x0000000738000000| Untracked 
| 449|0x0000000738200000, 0x0000000738200000, 0x0000000738400000|  0%| F|  |TAMS 0x0000000738200000| PB 0x0000000738200000| Untracked 
| 450|0x0000000738400000, 0x0000000738400000, 0x0000000738600000|  0%| F|  |TAMS 0x0000000738400000| PB 0x0000000738400000| Untracked 
| 451|0x0000000738600000, 0x0000000738600000, 0x0000000738800000|  0%| F|  |TAMS 0x0000000738600000| PB 0x0000000738600000| Untracked 
| 452|0x0000000738800000, 0x0000000738800000, 0x0000000738a00000|  0%| F|  |TAMS 0x0000000738800000| PB 0x0000000738800000| Untracked 
| 453|0x0000000738a00000, 0x0000000738a00000, 0x0000000738c00000|  0%| F|  |TAMS 0x0000000738a00000| PB 0x0000000738a00000| Untracked 
| 454|0x0000000738c00000, 0x0000000738c00000, 0x0000000738e00000|  0%| F|  |TAMS 0x0000000738c00000| PB 0x0000000738c00000| Untracked 
| 455|0x0000000738e00000, 0x0000000738e00000, 0x0000000739000000|  0%| F|  |TAMS 0x0000000738e00000| PB 0x0000000738e00000| Untracked 
| 456|0x0000000739000000, 0x0000000739000000, 0x0000000739200000|  0%| F|  |TAMS 0x0000000739000000| PB 0x0000000739000000| Untracked 
| 457|0x0000000739200000, 0x0000000739200000, 0x0000000739400000|  0%| F|  |TAMS 0x0000000739200000| PB 0x0000000739200000| Untracked 
| 458|0x0000000739400000, 0x0000000739400000, 0x0000000739600000|  0%| F|  |TAMS 0x0000000739400000| PB 0x0000000739400000| Untracked 
| 459|0x0000000739600000, 0x0000000739600000, 0x0000000739800000|  0%| F|  |TAMS 0x0000000739600000| PB 0x0000000739600000| Untracked 
| 460|0x0000000739800000, 0x0000000739800000, 0x0000000739a00000|  0%| F|  |TAMS 0x0000000739800000| PB 0x0000000739800000| Untracked 
| 461|0x0000000739a00000, 0x0000000739a00000, 0x0000000739c00000|  0%| F|  |TAMS 0x0000000739a00000| PB 0x0000000739a00000| Untracked 
| 462|0x0000000739c00000, 0x0000000739c00000, 0x0000000739e00000|  0%| F|  |TAMS 0x0000000739c00000| PB 0x0000000739c00000| Untracked 
| 463|0x0000000739e00000, 0x0000000739e00000, 0x000000073a000000|  0%| F|  |TAMS 0x0000000739e00000| PB 0x0000000739e00000| Untracked 
| 464|0x000000073a000000, 0x000000073a000000, 0x000000073a200000|  0%| F|  |TAMS 0x000000073a000000| PB 0x000000073a000000| Untracked 
| 465|0x000000073a200000, 0x000000073a200000, 0x000000073a400000|  0%| F|  |TAMS 0x000000073a200000| PB 0x000000073a200000| Untracked 
| 466|0x000000073a400000, 0x000000073a400000, 0x000000073a600000|  0%| F|  |TAMS 0x000000073a400000| PB 0x000000073a400000| Untracked 
| 467|0x000000073a600000, 0x000000073a600000, 0x000000073a800000|  0%| F|  |TAMS 0x000000073a600000| PB 0x000000073a600000| Untracked 
|2010|0x00000007fb400000, 0x00000007fb600000, 0x00000007fb600000|100%| O|  |TAMS 0x00000007fb600000| PB 0x00000007fb400000| Untracked 
|2011|0x00000007fb600000, 0x00000007fb600000, 0x00000007fb800000|  0%| F|  |TAMS 0x00000007fb600000| PB 0x00000007fb600000| Untracked 
|2012|0x00000007fb800000, 0x00000007fb800000, 0x00000007fba00000|  0%| F|  |TAMS 0x00000007fb800000| PB 0x00000007fb800000| Untracked 
|2013|0x00000007fba00000, 0x00000007fbc00000, 0x00000007fbc00000|100%| O|  |TAMS 0x00000007fbc00000| PB 0x00000007fba00000| Untracked 
|2014|0x00000007fbc00000, 0x00000007fbe00000, 0x00000007fbe00000|100%| O|  |TAMS 0x00000007fbe00000| PB 0x00000007fbc00000| Untracked 
|2015|0x00000007fbe00000, 0x00000007fc000000, 0x00000007fc000000|100%| O|  |TAMS 0x00000007fc000000| PB 0x00000007fbe00000| Untracked 
|2016|0x00000007fc000000, 0x00000007fc200000, 0x00000007fc200000|100%| O|  |TAMS 0x00000007fc200000| PB 0x00000007fc000000| Untracked 
|2017|0x00000007fc200000, 0x00000007fc400000, 0x00000007fc400000|100%| O|  |TAMS 0x00000007fc400000| PB 0x00000007fc200000| Untracked 
|2018|0x00000007fc400000, 0x00000007fc600000, 0x00000007fc600000|100%| O|  |TAMS 0x00000007fc600000| PB 0x00000007fc400000| Untracked 
|2019|0x00000007fc600000, 0x00000007fc800000, 0x00000007fc800000|100%| O|  |TAMS 0x00000007fc800000| PB 0x00000007fc600000| Untracked 
|2020|0x00000007fc800000, 0x00000007fca00000, 0x00000007fca00000|100%| O|  |TAMS 0x00000007fca00000| PB 0x00000007fc800000| Untracked 
|2021|0x00000007fca00000, 0x00000007fcc00000, 0x00000007fcc00000|100%| O|  |TAMS 0x00000007fcc00000| PB 0x00000007fca00000| Untracked 
|2022|0x00000007fcc00000, 0x00000007fce00000, 0x00000007fce00000|100%| O|  |TAMS 0x00000007fce00000| PB 0x00000007fcc00000| Untracked 
|2023|0x00000007fce00000, 0x00000007fd000000, 0x00000007fd000000|100%| O|  |TAMS 0x00000007fd000000| PB 0x00000007fce00000| Untracked 
|2024|0x00000007fd000000, 0x00000007fd200000, 0x00000007fd200000|100%| O|  |TAMS 0x00000007fd200000| PB 0x00000007fd000000| Untracked 
|2025|0x00000007fd200000, 0x00000007fd200000, 0x00000007fd400000|  0%| F|  |TAMS 0x00000007fd200000| PB 0x00000007fd200000| Untracked 
|2026|0x00000007fd400000, 0x00000007fd400000, 0x00000007fd600000|  0%| F|  |TAMS 0x00000007fd400000| PB 0x00000007fd400000| Untracked 
|2027|0x00000007fd600000, 0x00000007fd800000, 0x00000007fd800000|100%| O|  |TAMS 0x00000007fd800000| PB 0x00000007fd600000| Untracked 
|2028|0x00000007fd800000, 0x00000007fda00000, 0x00000007fda00000|100%| O|  |TAMS 0x00000007fda00000| PB 0x00000007fd800000| Untracked 
|2029|0x00000007fda00000, 0x00000007fdc00000, 0x00000007fdc00000|100%| O|  |TAMS 0x00000007fdc00000| PB 0x00000007fda00000| Untracked 
|2030|0x00000007fdc00000, 0x00000007fde00000, 0x00000007fde00000|100%| O|  |TAMS 0x00000007fde00000| PB 0x00000007fdc00000| Untracked 
|2031|0x00000007fde00000, 0x00000007fe000000, 0x00000007fe000000|100%| O|  |TAMS 0x00000007fe000000| PB 0x00000007fde00000| Untracked 
|2032|0x00000007fe000000, 0x00000007fe200000, 0x00000007fe200000|100%| O|  |TAMS 0x00000007fe200000| PB 0x00000007fe000000| Untracked 
|2033|0x00000007fe200000, 0x00000007fe400000, 0x00000007fe400000|100%| O|  |TAMS 0x00000007fe400000| PB 0x00000007fe200000| Untracked 
|2034|0x00000007fe400000, 0x00000007fe600000, 0x00000007fe600000|100%| O|  |TAMS 0x00000007fe600000| PB 0x00000007fe400000| Untracked 
|2035|0x00000007fe600000, 0x00000007fe800000, 0x00000007fe800000|100%| O|  |TAMS 0x00000007fe800000| PB 0x00000007fe600000| Untracked 
|2036|0x00000007fe800000, 0x00000007fea00000, 0x00000007fea00000|100%| O|  |TAMS 0x00000007fea00000| PB 0x00000007fe800000| Untracked 
|2037|0x00000007fea00000, 0x00000007fec00000, 0x00000007fec00000|100%| O|  |TAMS 0x00000007fec00000| PB 0x00000007fea00000| Untracked 
|2038|0x00000007fec00000, 0x00000007fee00000, 0x00000007fee00000|100%| O|  |TAMS 0x00000007fee00000| PB 0x00000007fec00000| Untracked 
|2039|0x00000007fee00000, 0x00000007ff000000, 0x00000007ff000000|100%| O|  |TAMS 0x00000007ff000000| PB 0x00000007fee00000| Untracked 
|2040|0x00000007ff000000, 0x00000007ff200000, 0x00000007ff200000|100%| O|  |TAMS 0x00000007ff200000| PB 0x00000007ff000000| Untracked 
|2041|0x00000007ff200000, 0x00000007ff200000, 0x00000007ff400000|  0%| F|  |TAMS 0x00000007ff200000| PB 0x00000007ff200000| Untracked 
|2042|0x00000007ff400000, 0x00000007ff400000, 0x00000007ff600000|  0%| F|  |TAMS 0x00000007ff400000| PB 0x00000007ff400000| Untracked 
|2043|0x00000007ff600000, 0x00000007ff600000, 0x00000007ff800000|  0%| F|  |TAMS 0x00000007ff600000| PB 0x00000007ff600000| Untracked 
|2044|0x00000007ff800000, 0x00000007ff800000, 0x00000007ffa00000|  0%| F|  |TAMS 0x00000007ff800000| PB 0x00000007ff800000| Untracked 
|2045|0x00000007ffa00000, 0x00000007ffc00000, 0x00000007ffc00000|100%| O|  |TAMS 0x00000007ffc00000| PB 0x00000007ffa00000| Untracked 
|2046|0x00000007ffc00000, 0x00000007ffc00000, 0x00000007ffe00000|  0%| F|  |TAMS 0x00000007ffc00000| PB 0x00000007ffc00000| Untracked 
|2047|0x00000007ffe00000, 0x00000007ffe00000, 0x0000000800000000|  0%| F|  |TAMS 0x00000007ffe00000| PB 0x00000007ffe00000| Untracked 

Card table byte_map: [0x00000164fe0a0000,0x00000164fe8a0000] _byte_map_base: 0x00000164fa8a0000

Marking Bits: (CMBitMap*) 0x00000164f4cd9fa0
 Bits: [0x000001648f000000, 0x0000016493000000)

Polling page: 0x00000164f2ba0000

Metaspace:

Usage:
  Non-class:    242.83 MB used.
      Class:     34.25 MB used.
       Both:    277.08 MB used.

Virtual space:
  Non-class space:      256.00 MB reserved,     244.38 MB ( 95%) committed,  4 nodes.
      Class space:        1.00 GB reserved,      35.94 MB (  4%) committed,  1 nodes.
             Both:        1.25 GB reserved,     280.31 MB ( 22%) committed. 

Chunk freelists:
   Non-Class:  11.19 MB
       Class:  12.05 MB
        Both:  23.23 MB

MaxMetaspaceSize: unlimited
CompressedClassSpaceSize: 1.00 GB
Initial GC threshold: 21.00 MB
Current GC threshold: 459.06 MB
CDS: on
 - commit_granule_bytes: 65536.
 - commit_granule_words: 8192.
 - virtual_space_node_default_size: 8388608.
 - enlarge_chunks_in_place: 1.
 - use_allocation_guard: 0.


Internal statistics:

num_allocs_failed_limit: 9.
num_arena_births: 6132.
num_arena_deaths: 38.
num_vsnodes_births: 5.
num_vsnodes_deaths: 0.
num_space_committed: 4483.
num_space_uncommitted: 6.
num_chunks_returned_to_freelist: 96.
num_chunks_taken_from_freelist: 18371.
num_chunk_merges: 22.
num_chunk_splits: 12593.
num_chunks_enlarged: 8587.
num_inconsistent_stats: 0.

CodeHeap 'non-profiled nmethods': size=120000Kb used=12473Kb max_used=14505Kb free=107527Kb
 bounds [0x0000016487ad0000, 0x0000016488930000, 0x000001648f000000]
CodeHeap 'profiled nmethods': size=120000Kb used=19157Kb max_used=55578Kb free=100842Kb
 bounds [0x0000016480000000, 0x0000016483650000, 0x0000016487530000]
CodeHeap 'non-nmethods': size=5760Kb used=2837Kb max_used=2928Kb free=2922Kb
 bounds [0x0000016487530000, 0x0000016487830000, 0x0000016487ad0000]
 total_blobs=12114 nmethods=10734 adapters=1281
 compilation: enabled
              stopped_count=0, restarted_count=0
 full_count=0

Compilation events (20 events):
Event: 759.574 Thread 0x00000164ff4e9f50 45825       1       sun.nio.fs.WindowsNativeDispatcher$FirstFile::attributes (5 bytes)
Event: 759.574 Thread 0x00000164ff4e9f50 nmethod 45825 0x0000016488554c10 code [0x0000016488554da0, 0x0000016488554e68]
Event: 759.577 Thread 0x00000164ff4e4760 nmethod 45820% 0x00000164881ef790 code [0x00000164881ef940, 0x00000164881efce0]
Event: 759.577 Thread 0x00000164ff4e9f50 45827       3       sun.nio.fs.WindowsPath::addPrefixIfNeeded (17 bytes)
Event: 759.578 Thread 0x00000164ff4e4760 45824 %     4       com.android.tools.r8.internal.ca2::b @ 1035 (2125 bytes)
Event: 759.578 Thread 0x00000164ff4e9f50 nmethod 45827 0x00000164813e0f90 code [0x00000164813e1160, 0x00000164813e13d0]
Event: 759.578 Thread 0x00000164ff4e9f50 45826       2       com.android.tools.r8.internal.hb4::n (17 bytes)
Event: 759.578 Thread 0x00000164ff4e9f50 nmethod 45826 0x0000016481867090 code [0x0000016481867240, 0x00000164818673a0]
Event: 759.578 Thread 0x00000164ff4e9f50 45828       1       sun.nio.fs.WindowsNativeDispatcher$FirstFile::name (5 bytes)
Event: 759.579 Thread 0x00000164ff4e9f50 nmethod 45828 0x00000164881ef490 code [0x00000164881ef620, 0x00000164881ef6f0]
Event: 759.579 Thread 0x00000164ff4e9f50 45829       1       sun.nio.fs.WindowsNativeDispatcher$FirstFile::handle (5 bytes)
Event: 759.579 Thread 0x00000164ff4e9f50 nmethod 45829 0x00000164881ef190 code [0x00000164881ef320, 0x00000164881ef3e8]
Event: 759.583 Thread 0x00000164ff4e9f50 45830       3       com.android.tools.r8.internal.t80::b (177 bytes)
Event: 759.584 Thread 0x00000164ff4e9f50 nmethod 45830 0x00000164800b6390 code [0x00000164800b66c0, 0x00000164800b7b90]
Event: 759.588 Thread 0x00000164ff4e9f50 45831   !   2       sun.nio.fs.WindowsLinkSupport::getRealPath (500 bytes)
Event: 759.592 Thread 0x00000164ff4e9f50 nmethod 45831 0x00000164801b9790 code [0x00000164801b9be0, 0x00000164801baef0]
Event: 759.593 Thread 0x00000164ff4e9f50 45833   !   3       sun.nio.fs.WindowsPath::createFromNormalizedPath (65 bytes)
Event: 759.594 Thread 0x00000164ff4e9f50 nmethod 45833 0x0000016480668490 code [0x00000164806686c0, 0x0000016480668eb0]
Event: 759.594 Thread 0x00000164ff4e9f50 45834       3       sun.nio.fs.WindowsPathParser::parseNormalizedPath (6 bytes)
Event: 759.594 Thread 0x00000164ff4e9f50 nmethod 45834 0x0000016481132410 code [0x00000164811325c0, 0x00000164811326e0]

GC Heap History (20 events):
Event: 753.289 GC heap after
{Heap after GC invocations=105 (full 0):
 garbage-first heap   total 946176K, used 375992K [0x0000000700000000, 0x0000000800000000)
  region size 2048K, 18 young (36864K), 18 survivors (36864K)
 Metaspace       used 275317K, committed 278656K, reserved 1310720K
  class space    used 34126K, committed 35840K, reserved 1048576K
}
Event: 754.880 GC heap before
{Heap before GC invocations=106 (full 0):
 garbage-first heap   total 946176K, used 844984K [0x0000000700000000, 0x0000000800000000)
  region size 2048K, 254 young (520192K), 18 survivors (36864K)
 Metaspace       used 274720K, committed 278272K, reserved 1310720K
  class space    used 34063K, committed 35840K, reserved 1048576K
}
Event: 754.893 GC heap after
{Heap after GC invocations=107 (full 0):
 garbage-first heap   total 946176K, used 350662K [0x0000000700000000, 0x0000000800000000)
  region size 2048K, 14 young (28672K), 14 survivors (28672K)
 Metaspace       used 274720K, committed 278272K, reserved 1310720K
  class space    used 34063K, committed 35840K, reserved 1048576K
}
Event: 755.915 GC heap before
{Heap before GC invocations=107 (full 0):
 garbage-first heap   total 946176K, used 868806K [0x0000000700000000, 0x0000000800000000)
  region size 2048K, 266 young (544768K), 14 survivors (28672K)
 Metaspace       used 274744K, committed 278272K, reserved 1310720K
  class space    used 34063K, committed 35840K, reserved 1048576K
}
Event: 755.948 GC heap after
{Heap after GC invocations=108 (full 0):
 garbage-first heap   total 987136K, used 358417K [0x0000000700000000, 0x0000000800000000)
  region size 2048K, 34 young (69632K), 34 survivors (69632K)
 Metaspace       used 274744K, committed 278272K, reserved 1310720K
  class space    used 34063K, committed 35840K, reserved 1048576K
}
Event: 756.789 GC heap before
{Heap before GC invocations=108 (full 0):
 garbage-first heap   total 987136K, used 864273K [0x0000000700000000, 0x0000000800000000)
  region size 2048K, 281 young (575488K), 34 survivors (69632K)
 Metaspace       used 274813K, committed 278272K, reserved 1310720K
  class space    used 34066K, committed 35840K, reserved 1048576K
}
Event: 756.844 GC heap after
{Heap after GC invocations=109 (full 0):
 garbage-first heap   total 1009664K, used 433268K [0x0000000700000000, 0x0000000800000000)
  region size 2048K, 36 young (73728K), 36 survivors (73728K)
 Metaspace       used 274813K, committed 278272K, reserved 1310720K
  class space    used 34066K, committed 35840K, reserved 1048576K
}
Event: 757.576 GC heap before
{Heap before GC invocations=110 (full 0):
 garbage-first heap   total 1009664K, used 883828K [0x0000000700000000, 0x0000000800000000)
  region size 2048K, 255 young (522240K), 36 survivors (73728K)
 Metaspace       used 275307K, committed 278592K, reserved 1310720K
  class space    used 34130K, committed 35840K, reserved 1048576K
}
Event: 757.641 GC heap after
{Heap after GC invocations=111 (full 0):
 garbage-first heap   total 1034240K, used 509952K [0x0000000700000000, 0x0000000800000000)
  region size 2048K, 32 young (65536K), 32 survivors (65536K)
 Metaspace       used 275307K, committed 278592K, reserved 1310720K
  class space    used 34130K, committed 35840K, reserved 1048576K
}
Event: 758.013 GC heap before
{Heap before GC invocations=111 (full 0):
 garbage-first heap   total 1034240K, used 901120K [0x0000000700000000, 0x0000000800000000)
  region size 2048K, 223 young (456704K), 32 survivors (65536K)
 Metaspace       used 276296K, committed 279616K, reserved 1310720K
  class space    used 34257K, committed 35968K, reserved 1048576K
}
Event: 758.067 GC heap after
{Heap after GC invocations=112 (full 0):
 garbage-first heap   total 1036288K, used 560128K [0x0000000700000000, 0x0000000800000000)
  region size 2048K, 28 young (57344K), 28 survivors (57344K)
 Metaspace       used 276296K, committed 279616K, reserved 1310720K
  class space    used 34257K, committed 35968K, reserved 1048576K
}
Event: 758.356 GC heap before
{Heap before GC invocations=112 (full 0):
 garbage-first heap   total 1036288K, used 910336K [0x0000000700000000, 0x0000000800000000)
  region size 2048K, 199 young (407552K), 28 survivors (57344K)
 Metaspace       used 276873K, committed 280192K, reserved 1310720K
  class space    used 34309K, committed 36032K, reserved 1048576K
}
Event: 758.393 GC heap after
{Heap after GC invocations=113 (full 0):
 garbage-first heap   total 1036288K, used 604160K [0x0000000700000000, 0x0000000800000000)
  region size 2048K, 21 young (43008K), 21 survivors (43008K)
 Metaspace       used 276873K, committed 280192K, reserved 1310720K
  class space    used 34309K, committed 36032K, reserved 1048576K
}
Event: 758.810 GC heap before
{Heap before GC invocations=113 (full 0):
 garbage-first heap   total 1036288K, used 925696K [0x0000000700000000, 0x0000000800000000)
  region size 2048K, 179 young (366592K), 21 survivors (43008K)
 Metaspace       used 279230K, committed 282496K, reserved 1310720K
  class space    used 34464K, committed 36160K, reserved 1048576K
}
Event: 758.844 GC heap after
{Heap after GC invocations=114 (full 0):
 garbage-first heap   total 1036288K, used 649016K [0x0000000700000000, 0x0000000800000000)
  region size 2048K, 23 young (47104K), 23 survivors (47104K)
 Metaspace       used 279230K, committed 282496K, reserved 1310720K
  class space    used 34464K, committed 36160K, reserved 1048576K
}
Event: 759.128 GC heap before
{Heap before GC invocations=115 (full 0):
 garbage-first heap   total 1036288K, used 933688K [0x0000000700000000, 0x0000000800000000)
  region size 2048K, 162 young (331776K), 23 survivors (47104K)
 Metaspace       used 281126K, committed 284416K, reserved 1310720K
  class space    used 34685K, committed 36416K, reserved 1048576K
}
Event: 759.163 GC heap after
{Heap after GC invocations=116 (full 0):
 garbage-first heap   total 1036288K, used 690993K [0x0000000700000000, 0x0000000800000000)
  region size 2048K, 21 young (43008K), 21 survivors (43008K)
 Metaspace       used 281126K, committed 284416K, reserved 1310720K
  class space    used 34685K, committed 36416K, reserved 1048576K
}
Event: 759.355 GC heap before
{Heap before GC invocations=116 (full 0):
 garbage-first heap   total 1036288K, used 938801K [0x0000000700000000, 0x0000000800000000)
  region size 2048K, 142 young (290816K), 21 survivors (43008K)
 Metaspace       used 282693K, committed 286016K, reserved 1310720K
  class space    used 34886K, committed 36608K, reserved 1048576K
}
Event: 759.392 GC heap after
{Heap after GC invocations=117 (full 0):
 garbage-first heap   total 1036288K, used 670050K [0x0000000700000000, 0x0000000800000000)
  region size 2048K, 18 young (36864K), 18 survivors (36864K)
 Metaspace       used 282693K, committed 286016K, reserved 1310720K
  class space    used 34886K, committed 36608K, reserved 1048576K
}
Event: 759.615 GC heap before
{Heap before GC invocations=117 (full 0):
 garbage-first heap   total 1036288K, used 940386K [0x0000000700000000, 0x0000000800000000)
  region size 2048K, 150 young (307200K), 18 survivors (36864K)
 Metaspace       used 283726K, committed 287040K, reserved 1310720K
  class space    used 35067K, committed 36800K, reserved 1048576K
}

Dll operation events (18 events):
Event: 0.013 Loaded shared library C:\Program Files\Eclipse Adoptium\jdk-21.0.5.11-hotspot\bin\java.dll
Event: 0.040 Loaded shared library C:\Program Files\Eclipse Adoptium\jdk-21.0.5.11-hotspot\bin\jsvml.dll
Event: 0.085 Loaded shared library C:\Program Files\Eclipse Adoptium\jdk-21.0.5.11-hotspot\bin\zip.dll
Event: 0.091 Loaded shared library C:\Program Files\Eclipse Adoptium\jdk-21.0.5.11-hotspot\bin\instrument.dll
Event: 0.096 Loaded shared library C:\Program Files\Eclipse Adoptium\jdk-21.0.5.11-hotspot\bin\net.dll
Event: 0.100 Loaded shared library C:\Program Files\Eclipse Adoptium\jdk-21.0.5.11-hotspot\bin\nio.dll
Event: 0.102 Loaded shared library C:\Program Files\Eclipse Adoptium\jdk-21.0.5.11-hotspot\bin\zip.dll
Event: 0.356 Loaded shared library C:\Program Files\Eclipse Adoptium\jdk-21.0.5.11-hotspot\bin\jimage.dll
Event: 0.613 Loaded shared library C:\Program Files\Eclipse Adoptium\jdk-21.0.5.11-hotspot\bin\verify.dll
Event: 0.661 Loaded shared library C:\Users\YOUSSEF ADEL\.gradle\native\660c5614fbf4a5f2a75b1949f50a0caf5cd603558e7d8a26e50b933a0cfb79d1\windows-amd64\native-platform.dll
Event: 0.675 Loaded shared library C:\Users\YOUSSEF ADEL\.gradle\native\0.2.8\x86_64-windows-gnu\gradle-fileevents.dll
Event: 1.957 Loaded shared library C:\Program Files\Eclipse Adoptium\jdk-21.0.5.11-hotspot\bin\management.dll
Event: 1.961 Loaded shared library C:\Program Files\Eclipse Adoptium\jdk-21.0.5.11-hotspot\bin\management_ext.dll
Event: 2.114 Loaded shared library C:\Program Files\Eclipse Adoptium\jdk-21.0.5.11-hotspot\bin\extnet.dll
Event: 2.337 Loaded shared library C:\Program Files\Eclipse Adoptium\jdk-21.0.5.11-hotspot\bin\sunmscapi.dll
Event: 725.858 Loaded shared library C:\Program Files\Eclipse Adoptium\jdk-21.0.5.11-hotspot\bin\awt.dll
Event: 738.747 Loaded shared library C:\Users\YOUSSEF ADEL\AppData\Local\Temp\sqlite-3.41.2.2-ca634a1e-c571-4dc1-9d98-271039a7a5d6-sqlitejdbc.dll
Event: 753.496 Unloaded dll "C:\Users\YOUSSEF ADEL\AppData\Local\Temp\sqlite-3.41.2.2-ca634a1e-c571-4dc1-9d98-271039a7a5d6-sqlitejdbc.dll" [0x00007ffe14880000]

Deoptimization events (20 events):
Event: 759.437 Thread 0x00000164e057b620 DEOPT PACKING pc=0x000001648180c51b sp=0x00000051bf6f6940
Event: 759.437 Thread 0x00000164e057b620 DEOPT UNPACKING pc=0x0000016487584e42 sp=0x00000051bf6f6188 mode 0
Event: 759.482 Thread 0x00000164e057d060 DEOPT PACKING pc=0x00000164818fcca0 sp=0x00000051c4ff9550
Event: 759.482 Thread 0x00000164e057d060 DEOPT UNPACKING pc=0x0000016487584e42 sp=0x00000051c4ff8e70 mode 0
Event: 759.511 Thread 0x00000164e057d060 DEOPT PACKING pc=0x0000016480176129 sp=0x00000051c4ff99f0
Event: 759.511 Thread 0x00000164e057d060 DEOPT UNPACKING pc=0x0000016487584e42 sp=0x00000051c4ff8fc8 mode 0
Event: 759.535 Thread 0x00000164e057b620 DEOPT PACKING pc=0x0000016482c00353 sp=0x00000051bf6f6670
Event: 759.535 Thread 0x00000164e057b620 DEOPT UNPACKING pc=0x0000016487584e42 sp=0x00000051bf6f5d50 mode 0
Event: 759.572 Thread 0x00000164e057d060 DEOPT PACKING pc=0x0000016480567876 sp=0x00000051c4ff9990
Event: 759.572 Thread 0x00000164e057d060 DEOPT UNPACKING pc=0x0000016487584e42 sp=0x00000051c4ff8f30 mode 0
Event: 759.577 Thread 0x00000164e057b620 Uncommon trap: trap_request=0xffffff45 fr.pc=0x00000164880d4838 relative=0x00000000000017d8
Event: 759.577 Thread 0x00000164e057b620 Uncommon trap: reason=unstable_if action=reinterpret pc=0x00000164880d4838 method=com.android.tools.r8.internal.t80.b(Ljava/util/Collection;)Lcom/android/tools/r8/internal/hj4; @ 43 c2
Event: 759.577 Thread 0x00000164e057b620 DEOPT PACKING pc=0x00000164880d4838 sp=0x00000051bf6f6ab0
Event: 759.577 Thread 0x00000164e057b620 DEOPT UNPACKING pc=0x00000164875846a2 sp=0x00000051bf6f6aa0 mode 2
Event: 759.581 Thread 0x00000164e057b620 DEOPT PACKING pc=0x000001648180c51b sp=0x00000051bf6f6940
Event: 759.581 Thread 0x00000164e057b620 DEOPT UNPACKING pc=0x0000016487584e42 sp=0x00000051bf6f6188 mode 0
Event: 759.586 Thread 0x00000164e057d060 DEOPT PACKING pc=0x0000016480ead8f6 sp=0x00000051c4ff9640
Event: 759.586 Thread 0x00000164e057d060 DEOPT UNPACKING pc=0x0000016487584e42 sp=0x00000051c4ff8bd0 mode 0
Event: 759.603 Thread 0x00000164e057d060 DEOPT PACKING pc=0x0000016480ead8f6 sp=0x00000051c4ff9640
Event: 759.603 Thread 0x00000164e057d060 DEOPT UNPACKING pc=0x0000016487584e42 sp=0x00000051c4ff8bd0 mode 0

Classes loaded (20 events):
Event: 738.876 Loading class sun/misc/VM
Event: 738.876 Loading class sun/misc/VM done
Event: 739.370 Loading class java/util/WeakHashMap$KeyIterator
Event: 739.371 Loading class java/util/WeakHashMap$HashIterator
Event: 739.371 Loading class java/util/WeakHashMap$HashIterator done
Event: 739.371 Loading class java/util/WeakHashMap$KeyIterator done
Event: 739.965 Loading class com/sun/xml/internal/stream/util/ReadOnlyIterator
Event: 739.965 Loading class com/sun/xml/internal/stream/util/ReadOnlyIterator done
Event: 740.047 Loading class java/nio/file/FileTreeWalker$1
Event: 740.047 Loading class java/nio/file/FileTreeWalker$1 done
Event: 740.458 Loading class java/rmi/RemoteException
Event: 740.459 Loading class java/rmi/RemoteException done
Event: 741.581 Loading class com/sun/xml/internal/stream/events/CommentEvent
Event: 741.581 Loading class javax/xml/stream/events/Comment
Event: 741.582 Loading class javax/xml/stream/events/Comment done
Event: 741.582 Loading class com/sun/xml/internal/stream/events/CommentEvent done
Event: 757.368 Loading class java/lang/reflect/Executable$ParameterData
Event: 757.369 Loading class java/lang/reflect/Executable$ParameterData done
Event: 758.498 Loading class java/util/concurrent/Executors$AutoShutdownDelegatedExecutorService
Event: 758.499 Loading class java/util/concurrent/Executors$AutoShutdownDelegatedExecutorService done

Classes unloaded (20 events):
Event: 753.457 Thread 0x00000164ff4b5540 Unloading class 0x00000164981ba840 'androidx/room/compiler/processing/ksp/KspProcessingEnv$jvmVersion$2'
Event: 753.457 Thread 0x00000164ff4b5540 Unloading class 0x00000164981ba420 'androidx/room/compiler/processing/XProcessingEnv$Platform'
Event: 753.457 Thread 0x00000164ff4b5540 Unloading class 0x00000164981ba1e8 'androidx/room/compiler/processing/ksp/KspProcessingEnv$jvmPlatformInfo$2'
Event: 753.457 Thread 0x00000164ff4b5540 Unloading class 0x00000164981b9cf0 'androidx/room/compiler/processing/XProcessingEnv$Backend'
Event: 753.457 Thread 0x00000164ff4b5540 Unloading class 0x00000164981b9af8 'androidx/room/compiler/processing/XProcessingEnv$Companion'
Event: 753.457 Thread 0x00000164ff4b5540 Unloading class 0x00000164981b9770 'androidx/room/compiler/processing/ksp/KspProcessingEnv'
Event: 753.457 Thread 0x00000164ff4b5540 Unloading class 0x00000164981b9580 'androidx/room/compiler/processing/XProcessingEnv'
Event: 753.457 Thread 0x00000164ff4b5540 Unloading class 0x00000164981b9348 'androidx/room/compiler/processing/ksp/KspBasicAnnotationProcessor$DelegateLogger'
Event: 753.457 Thread 0x00000164ff4b5540 Unloading class 0x00000164981b8f20 'androidx/room/processor/Context$BooleanProcessorOptions'
Event: 753.457 Thread 0x00000164ff4b5540 Unloading class 0x00000164981b8d20 'androidx/room/compiler/processing/XProcessingEnvConfig$Builder'
Event: 753.457 Thread 0x00000164ff4b5540 Unloading class 0x00000164981b8b28 'androidx/room/compiler/processing/XProcessingEnvConfig$Companion'
Event: 753.457 Thread 0x00000164ff4b5540 Unloading class 0x00000164981b8930 'androidx/room/compiler/processing/XProcessingEnvConfig'
Event: 753.457 Thread 0x00000164ff4b5540 Unloading class 0x00000164981b8738 'androidx/room/DatabaseProcessingStep$Companion'
Event: 753.457 Thread 0x00000164ff4b5540 Unloading class 0x00000164981b8500 'androidx/room/DatabaseProcessingStep'
Event: 753.457 Thread 0x00000164ff4b5540 Unloading class 0x0000016497a30610 'androidx/room/compiler/processing/XProcessingStep'
Event: 753.457 Thread 0x00000164ff4b5540 Unloading class 0x00000164981b8280 'androidx/room/RoomKspProcessor'
Event: 753.457 Thread 0x00000164ff4b5540 Unloading class 0x00000164981b8000 'androidx/room/compiler/processing/ksp/KspBasicAnnotationProcessor'
Event: 753.457 Thread 0x00000164ff4b5540 Unloading class 0x0000016497a30420 'androidx/room/compiler/processing/XBasicAnnotationProcessor'
Event: 753.457 Thread 0x00000164ff4b5540 Unloading class 0x0000016497a30210 'com/squareup/moshi/kotlin/codegen/ksp/JsonClassSymbolProcessorProvider'
Event: 753.457 Thread 0x00000164ff4b5540 Unloading class 0x0000016497a30000 'androidx/room/RoomKspProcessor$Provider'

Classes redefined (0 events):
No events

Internal exceptions (20 events):
Event: 757.171 Thread 0x00000164e057b620 Exception <a 'sun/nio/fs/WindowsException'{0x0000000733831490}> (0x0000000733831490) 
thrown [s\src\hotspot\share\prims\jni.cpp, line 520]
Event: 757.782 Thread 0x00000164e057a900 Exception <a 'java/lang/NoSuchMethodError'{0x0000000734437c40}: method resolution failed> (0x0000000734437c40) 
thrown [s\src\hotspot\share\prims\methodHandles.cpp, line 1144]
Event: 758.349 Thread 0x00000164e057a900 Exception <a 'java/lang/NoSuchMethodError'{0x000000072732a648}: static [Ljava/lang/String;.<clinit>()V> (0x000000072732a648) 
thrown [s\src\hotspot\share\prims\jni.cpp, line 1111]
Event: 758.409 Thread 0x00000164e057a900 Exception <a 'java/lang/NoSuchMethodError'{0x00000007ff211200}: static Ljava/lang/Object;.<clinit>()V> (0x00000007ff211200) 
thrown [s\src\hotspot\share\prims\jni.cpp, line 1111]
Event: 758.416 Thread 0x00000164e057a900 Exception <a 'java/lang/NoSuchMethodError'{0x000000073a417798}: static Lorg/jetbrains/kotlin/incremental/ClasspathChanges$ClasspathSnapshotEnabled$NotAvailableForNonIncrementalRun;.<clinit>()V> (0x000000073a417798) 
thrown [s\src\hotspot\share\prims\jni.cpp, line 1111]
Event: 758.416 Thread 0x00000164e057a900 Exception <a 'java/lang/NoSuchMethodError'{0x000000073a419a48}: static Lorg/jetbrains/kotlin/incremental/ClasspathChanges$ClasspathSnapshotEnabled;.<clinit>()V> (0x000000073a419a48) 
thrown [s\src\hotspot\share\prims\jni.cpp, line 1111]
Event: 758.416 Thread 0x00000164e057a900 Exception <a 'java/lang/NoSuchMethodError'{0x000000073a41bb48}: static Lorg/jetbrains/kotlin/incremental/ClasspathChanges;.<clinit>()V> (0x000000073a41bb48) 
thrown [s\src\hotspot\share\prims\jni.cpp, line 1111]
Event: 758.507 Thread 0x0000016500dc4be0 Implicit null exception at 0x0000016487f4126c to 0x0000016487f41474
Event: 758.586 Thread 0x00000164e057d060 Exception <a 'sun/nio/fs/WindowsException'{0x00000007315332c8}> (0x00000007315332c8) 
thrown [s\src\hotspot\share\prims\jni.cpp, line 520]
Event: 758.631 Thread 0x00000164e057d060 Exception <a 'sun/nio/fs/WindowsException'{0x000000073156ec98}> (0x000000073156ec98) 
thrown [s\src\hotspot\share\prims\jni.cpp, line 520]
Event: 758.654 Thread 0x00000164e057d060 Exception <a 'sun/nio/fs/WindowsException'{0x00000007315b35e8}> (0x00000007315b35e8) 
thrown [s\src\hotspot\share\prims\jni.cpp, line 520]
Event: 758.684 Thread 0x00000164e057d060 Exception <a 'sun/nio/fs/WindowsException'{0x00000007315fb300}> (0x00000007315fb300) 
thrown [s\src\hotspot\share\prims\jni.cpp, line 520]
Event: 758.724 Thread 0x00000164e057d060 Exception <a 'sun/nio/fs/WindowsException'{0x000000072cf41dd8}> (0x000000072cf41dd8) 
thrown [s\src\hotspot\share\prims\jni.cpp, line 520]
Event: 758.852 Thread 0x0000016500dc4be0 Implicit null exception at 0x0000016488061c03 to 0x00000164880643e0
Event: 758.929 Thread 0x00000164e057d060 Exception <a 'sun/nio/fs/WindowsException'{0x0000000736710428}> (0x0000000736710428) 
thrown [s\src\hotspot\share\prims\jni.cpp, line 520]
Event: 758.953 Thread 0x00000164e057d060 Exception <a 'sun/nio/fs/WindowsException'{0x0000000736749a68}> (0x0000000736749a68) 
thrown [s\src\hotspot\share\prims\jni.cpp, line 520]
Event: 758.965 Thread 0x00000164e057d060 Exception <a 'sun/nio/fs/WindowsException'{0x0000000736775df8}> (0x0000000736775df8) 
thrown [s\src\hotspot\share\prims\jni.cpp, line 520]
Event: 759.047 Thread 0x00000164e057d060 Exception <a 'sun/nio/fs/WindowsException'{0x000000072f5a9dc0}> (0x000000072f5a9dc0) 
thrown [s\src\hotspot\share\prims\jni.cpp, line 520]
Event: 759.070 Thread 0x00000164e057d060 Exception <a 'sun/nio/fs/WindowsException'{0x000000072f5e1b50}> (0x000000072f5e1b50) 
thrown [s\src\hotspot\share\prims\jni.cpp, line 520]
Event: 759.091 Thread 0x00000164e057d060 Exception <a 'sun/nio/fs/WindowsException'{0x000000072d492568}> (0x000000072d492568) 
thrown [s\src\hotspot\share\prims\jni.cpp, line 520]

ZGC Phase Switch (0 events):
No events

VM Operations (20 events):
Event: 757.123 Executing VM operation: G1PauseCleanup done
Event: 757.576 Executing VM operation: G1CollectForAllocation (G1 Evacuation Pause)
Event: 757.641 Executing VM operation: G1CollectForAllocation (G1 Evacuation Pause) done
Event: 758.013 Executing VM operation: G1CollectForAllocation (G1 Evacuation Pause)
Event: 758.067 Executing VM operation: G1CollectForAllocation (G1 Evacuation Pause) done
Event: 758.356 Executing VM operation: G1CollectForAllocation (G1 Evacuation Pause)
Event: 758.393 Executing VM operation: G1CollectForAllocation (G1 Evacuation Pause) done
Event: 758.689 Executing VM operation: G1PauseRemark
Event: 758.700 Executing VM operation: G1PauseRemark done
Event: 758.809 Executing VM operation: G1CollectForAllocation (G1 Evacuation Pause)
Event: 758.844 Executing VM operation: G1CollectForAllocation (G1 Evacuation Pause) done
Event: 758.914 Executing VM operation: G1PauseCleanup
Event: 758.914 Executing VM operation: G1PauseCleanup done
Event: 759.128 Executing VM operation: G1CollectForAllocation (G1 Evacuation Pause)
Event: 759.163 Executing VM operation: G1CollectForAllocation (G1 Evacuation Pause) done
Event: 759.355 Executing VM operation: G1CollectForAllocation (G1 Evacuation Pause)
Event: 759.392 Executing VM operation: G1CollectForAllocation (G1 Evacuation Pause) done
Event: 759.575 Executing VM operation: HandshakeAllThreads (Deoptimize)
Event: 759.575 Executing VM operation: HandshakeAllThreads (Deoptimize) done
Event: 759.615 Executing VM operation: G1CollectForAllocation (G1 Evacuation Pause)

Memory protections (0 events):
No events

Nmethod flushes (20 events):
Event: 758.699 Thread 0x00000164ff4b5540 flushing  nmethod 0x000001648130dc10
Event: 758.699 Thread 0x00000164ff4b5540 flushing  nmethod 0x00000164817bcc90
Event: 758.699 Thread 0x00000164ff4b5540 flushing  nmethod 0x00000164817bd190
Event: 758.699 Thread 0x00000164ff4b5540 flushing  nmethod 0x00000164817d2e10
Event: 758.699 Thread 0x00000164ff4b5540 flushing  nmethod 0x00000164817d9890
Event: 758.699 Thread 0x00000164ff4b5540 flushing  nmethod 0x00000164817da010
Event: 758.699 Thread 0x00000164ff4b5540 flushing  nmethod 0x0000016481857610
Event: 758.699 Thread 0x00000164ff4b5540 flushing  nmethod 0x00000164829ce790
Event: 758.699 Thread 0x00000164ff4b5540 flushing  nmethod 0x00000164829d1810
Event: 758.699 Thread 0x00000164ff4b5540 flushing  nmethod 0x0000016482b19410
Event: 758.699 Thread 0x00000164ff4b5540 flushing  nmethod 0x0000016482b30a10
Event: 758.699 Thread 0x00000164ff4b5540 flushing  nmethod 0x0000016482f73110
Event: 758.699 Thread 0x00000164ff4b5540 flushing  nmethod 0x000001648323ae10
Event: 758.699 Thread 0x00000164ff4b5540 flushing  nmethod 0x0000016483241890
Event: 758.699 Thread 0x00000164ff4b5540 flushing  nmethod 0x0000016483245d90
Event: 758.699 Thread 0x00000164ff4b5540 flushing  nmethod 0x0000016483246b10
Event: 758.699 Thread 0x00000164ff4b5540 flushing  nmethod 0x0000016483281110
Event: 758.699 Thread 0x00000164ff4b5540 flushing  nmethod 0x000001648328b410
Event: 758.699 Thread 0x00000164ff4b5540 flushing  nmethod 0x00000164832e3b90
Event: 758.699 Thread 0x00000164ff4b5540 flushing  nmethod 0x00000164832e7010

Events (20 events):
Event: 725.960 Thread 0x00000164e0589540 Thread added: 0x00000164e2dad350
Event: 726.018 Thread 0x00000164ff4e9f50 Thread added: 0x00000164f1498390
Event: 726.585 Thread 0x00000164e0589540 Thread added: 0x00000164e2dabfa0
Event: 726.585 Thread 0x00000164e0589540 Thread added: 0x00000164e2db0140
Event: 726.626 Thread 0x00000164e2db0140 Thread added: 0x00000164e2db07d0
Event: 726.976 Thread 0x00000164e2da9840 Thread exited: 0x00000164e2da9840
Event: 726.977 Thread 0x00000164e2dad350 Thread exited: 0x00000164e2dad350
Event: 729.550 Thread 0x00000164ff4e9f50 Thread added: 0x00000164e2b29ca0
Event: 730.722 Thread 0x00000164e0589540 Thread added: 0x00000164f030a2a0
Event: 730.744 Thread 0x00000164e0589540 Thread added: 0x00000164f030c370
Event: 731.716 Thread 0x00000164e0589540 Thread added: 0x00000165006707d0
Event: 732.884 Thread 0x00000165006707d0 Thread added: 0x0000016500675000
Event: 733.503 Thread 0x00000165006707d0 Thread added: 0x0000016500673c50
Event: 739.364 Thread 0x00000164e0589540 Thread added: 0x00000165152c2050
Event: 739.365 Thread 0x00000164e0589540 Thread added: 0x00000165152c19c0
Event: 739.448 Thread 0x00000164e0581890 Thread added: 0x00000164f15adc80
Event: 740.373 Thread 0x00000165152c2050 Thread exited: 0x00000165152c2050
Event: 740.374 Thread 0x00000165152c19c0 Thread exited: 0x00000165152c19c0
Event: 741.458 Thread 0x00000164e0589540 Thread exited: 0x00000164e0589540
Event: 758.503 Thread 0x00000164f15adc80 Thread added: 0x0000016500dc4be0


Dynamic libraries:
0x00007ff760280000 - 0x00007ff76028e000 	C:\Program Files\Eclipse Adoptium\jdk-21.0.5.11-hotspot\bin\java.exe
0x00007ffe2a5e0000 - 0x00007ffe2a847000 	C:\WINDOWS\SYSTEM32\ntdll.dll
0x00007ffe29c50000 - 0x00007ffe29d19000 	C:\WINDOWS\System32\KERNEL32.DLL
0x00007ffe27d60000 - 0x00007ffe28157000 	C:\WINDOWS\System32\KERNELBASE.dll
0x00007ffe28210000 - 0x00007ffe2835b000 	C:\WINDOWS\System32\ucrtbase.dll
0x00007ffdff4e0000 - 0x00007ffdff4fe000 	C:\Program Files\Eclipse Adoptium\jdk-21.0.5.11-hotspot\bin\VCRUNTIME140.dll
0x00007ffdfe710000 - 0x00007ffdfe728000 	C:\Program Files\Eclipse Adoptium\jdk-21.0.5.11-hotspot\bin\jli.dll
0x00007ffe2a3c0000 - 0x00007ffe2a586000 	C:\WINDOWS\System32\USER32.dll
0x00007ffe144c0000 - 0x00007ffe14752000 	C:\WINDOWS\WinSxS\amd64_microsoft.windows.common-controls_6595b64144ccf1df_6.0.26100.8457_none_3e0b2faee331e92d\COMCTL32.dll
0x00007ffe27010000 - 0x00007ffe27037000 	C:\WINDOWS\System32\win32u.dll
0x00007ffe29480000 - 0x00007ffe29529000 	C:\WINDOWS\System32\msvcrt.dll
0x00007ffe29210000 - 0x00007ffe2923b000 	C:\WINDOWS\System32\GDI32.dll
0x00007ffe27960000 - 0x00007ffe27a8c000 	C:\WINDOWS\System32\gdi32full.dll
0x00007ffe278b0000 - 0x00007ffe27953000 	C:\WINDOWS\System32\msvcp_win.dll
0x00007ffe29700000 - 0x00007ffe29732000 	C:\WINDOWS\System32\IMM32.DLL
0x00007ffe06900000 - 0x00007ffe0690c000 	C:\Program Files\Eclipse Adoptium\jdk-21.0.5.11-hotspot\bin\vcruntime140_1.dll
0x00007ffdf1e20000 - 0x00007ffdf1ead000 	C:\Program Files\Eclipse Adoptium\jdk-21.0.5.11-hotspot\bin\msvcp140.dll
0x00007ffd8f400000 - 0x00007ffd9018f000 	C:\Program Files\Eclipse Adoptium\jdk-21.0.5.11-hotspot\bin\server\jvm.dll
0x00007ffe295c0000 - 0x00007ffe29676000 	C:\WINDOWS\System32\ADVAPI32.dll
0x00007ffe2a190000 - 0x00007ffe2a237000 	C:\WINDOWS\System32\sechost.dll
0x00007ffe290f0000 - 0x00007ffe29208000 	C:\WINDOWS\System32\RPCRT4.dll
0x00007ffe29240000 - 0x00007ffe292c0000 	C:\WINDOWS\System32\WS2_32.dll
0x00007ffe26e70000 - 0x00007ffe26ece000 	C:\WINDOWS\SYSTEM32\POWRPROF.dll
0x00007ffe1ffc0000 - 0x00007ffe1ffcb000 	C:\WINDOWS\SYSTEM32\VERSION.dll
0x00007ffe1ff80000 - 0x00007ffe1ffb6000 	C:\WINDOWS\SYSTEM32\WINMM.dll
0x00007ffe26e50000 - 0x00007ffe26e64000 	C:\WINDOWS\SYSTEM32\UMPDC.dll
0x00007ffe25d60000 - 0x00007ffe25d7b000 	C:\WINDOWS\SYSTEM32\kernel.appcore.dll
0x00007ffe06670000 - 0x00007ffe0667a000 	C:\Program Files\Eclipse Adoptium\jdk-21.0.5.11-hotspot\bin\jimage.dll
0x00007ffe199b0000 - 0x00007ffe19bf2000 	C:\WINDOWS\SYSTEM32\DBGHELP.DLL
0x00007ffe28430000 - 0x00007ffe287b3000 	C:\WINDOWS\System32\combase.dll
0x00007ffe29010000 - 0x00007ffe290e9000 	C:\WINDOWS\System32\OLEAUT32.dll
0x00007ffe068c0000 - 0x00007ffe068fb000 	C:\WINDOWS\SYSTEM32\dbgcore.DLL
0x00007ffe28160000 - 0x00007ffe28208000 	C:\WINDOWS\System32\bcryptPrimitives.dll
0x00007ffe00a40000 - 0x00007ffe00a4f000 	C:\Program Files\Eclipse Adoptium\jdk-21.0.5.11-hotspot\bin\instrument.dll
0x00007ffdf9f70000 - 0x00007ffdf9f8f000 	C:\Program Files\Eclipse Adoptium\jdk-21.0.5.11-hotspot\bin\java.dll
0x00007ffe28880000 - 0x00007ffe28fee000 	C:\WINDOWS\System32\SHELL32.dll
0x00007ffe27040000 - 0x00007ffe278ac000 	C:\WINDOWS\System32\windows.storage.dll
0x00007ffe2a240000 - 0x00007ffe2a336000 	C:\WINDOWS\System32\SHCORE.dll
0x00007ffe283b0000 - 0x00007ffe28416000 	C:\WINDOWS\System32\shlwapi.dll
0x00007ffe26f30000 - 0x00007ffe26f59000 	C:\WINDOWS\SYSTEM32\profapi.dll
0x00007ffdea250000 - 0x00007ffdea327000 	C:\Program Files\Eclipse Adoptium\jdk-21.0.5.11-hotspot\bin\jsvml.dll
0x00007ffdf9ba0000 - 0x00007ffdf9bb8000 	C:\Program Files\Eclipse Adoptium\jdk-21.0.5.11-hotspot\bin\zip.dll
0x00007ffe002a0000 - 0x00007ffe002b0000 	C:\Program Files\Eclipse Adoptium\jdk-21.0.5.11-hotspot\bin\net.dll
0x00007ffe20650000 - 0x00007ffe20779000 	C:\WINDOWS\SYSTEM32\WINHTTP.dll
0x00007ffe262b0000 - 0x00007ffe2631c000 	C:\WINDOWS\system32\mswsock.dll
0x00007ffdf6e40000 - 0x00007ffdf6e56000 	C:\Program Files\Eclipse Adoptium\jdk-21.0.5.11-hotspot\bin\nio.dll
0x00007ffdfe4f0000 - 0x00007ffdfe500000 	C:\Program Files\Eclipse Adoptium\jdk-21.0.5.11-hotspot\bin\verify.dll
0x00007ffdf9bc0000 - 0x00007ffdf9be7000 	C:\Users\YOUSSEF ADEL\.gradle\native\660c5614fbf4a5f2a75b1949f50a0caf5cd603558e7d8a26e50b933a0cfb79d1\windows-amd64\native-platform.dll
0x00007ffded170000 - 0x00007ffded1e7000 	C:\Users\YOUSSEF ADEL\.gradle\native\0.2.8\x86_64-windows-gnu\gradle-fileevents.dll
0x00007ffdf9800000 - 0x00007ffdf980a000 	C:\Program Files\Eclipse Adoptium\jdk-21.0.5.11-hotspot\bin\management.dll
0x00007ffdf7970000 - 0x00007ffdf797b000 	C:\Program Files\Eclipse Adoptium\jdk-21.0.5.11-hotspot\bin\management_ext.dll
0x00007ffe29470000 - 0x00007ffe29478000 	C:\WINDOWS\System32\PSAPI.DLL
0x00007ffe25750000 - 0x00007ffe25782000 	C:\WINDOWS\SYSTEM32\IPHLPAPI.DLL
0x00007ffe2a590000 - 0x00007ffe2a59a000 	C:\WINDOWS\System32\NSI.dll
0x00007ffdf7160000 - 0x00007ffdf7169000 	C:\Program Files\Eclipse Adoptium\jdk-21.0.5.11-hotspot\bin\extnet.dll
0x00007ffe266b0000 - 0x00007ffe266cb000 	C:\WINDOWS\SYSTEM32\CRYPTSP.dll
0x00007ffe25cc0000 - 0x00007ffe25cf9000 	C:\WINDOWS\system32\rsaenh.dll
0x00007ffe26360000 - 0x00007ffe26393000 	C:\WINDOWS\SYSTEM32\USERENV.dll
0x00007ffe26f00000 - 0x00007ffe26f2a000 	C:\WINDOWS\SYSTEM32\bcrypt.dll
0x00007ffe26510000 - 0x00007ffe2651c000 	C:\WINDOWS\SYSTEM32\CRYPTBASE.dll
0x00007ffdf6c80000 - 0x00007ffdf6c8e000 	C:\Program Files\Eclipse Adoptium\jdk-21.0.5.11-hotspot\bin\sunmscapi.dll
0x00007ffe27be0000 - 0x00007ffe27d58000 	C:\WINDOWS\System32\CRYPT32.dll
0x00007ffe26810000 - 0x00007ffe26840000 	C:\WINDOWS\SYSTEM32\ncrypt.dll
0x00007ffe267c0000 - 0x00007ffe267ff000 	C:\WINDOWS\SYSTEM32\NTASN1.dll
0x00007ffe1d0c0000 - 0x00007ffe1d0c8000 	C:\WINDOWS\system32\wshunix.dll
0x00007ffe25790000 - 0x00007ffe258c2000 	C:\WINDOWS\SYSTEM32\DNSAPI.dll
0x0000000071750000 - 0x0000000071776000 	C:\Program Files\Bonjour\mdnsNSP.dll
0x00007ffe20620000 - 0x00007ffe2062b000 	C:\Windows\System32\rasadhlp.dll
0x00007ffe22140000 - 0x00007ffe221c6000 	C:\WINDOWS\System32\fwpuclnt.dll
0x00007ffe25e80000 - 0x00007ffe25eb6000 	C:\WINDOWS\SYSTEM32\ntmarta.dll
0x00007ffe0a170000 - 0x00007ffe0a2fe000 	C:\Program Files\Eclipse Adoptium\jdk-21.0.5.11-hotspot\bin\awt.dll
0x00007ffe24880000 - 0x00007ffe24920000 	C:\WINDOWS\SYSTEM32\apphelp.dll
0x00007ffe24a90000 - 0x00007ffe24b3a000 	C:\WINDOWS\system32\uxtheme.dll
0x00007ffe2a030000 - 0x00007ffe2a18c000 	C:\WINDOWS\System32\MSCTF.dll
0x00007ffe292d0000 - 0x00007ffe29467000 	C:\WINDOWS\System32\ole32.dll

dbghelp: loaded successfully - version: 4.0.5 - missing functions: none
symbol engine: initialized successfully - sym options: 0x614 - pdb path: .;C:\Program Files\Eclipse Adoptium\jdk-21.0.5.11-hotspot\bin;C:\WINDOWS\SYSTEM32;C:\WINDOWS\WinSxS\amd64_microsoft.windows.common-controls_6595b64144ccf1df_6.0.26100.8457_none_3e0b2faee331e92d;C:\Program Files\Eclipse Adoptium\jdk-21.0.5.11-hotspot\bin\server;C:\Users\YOUSSEF ADEL\.gradle\native\660c5614fbf4a5f2a75b1949f50a0caf5cd603558e7d8a26e50b933a0cfb79d1\windows-amd64;C:\Users\YOUSSEF ADEL\.gradle\native\0.2.8\x86_64-windows-gnu;C:\Program Files\Bonjour;C:\Users\YOUSSEF ADEL\AppData\Local\Temp

VM Arguments:
jvm_args: --add-opens=java.base/java.lang=ALL-UNNAMED --add-opens=java.base/java.lang.invoke=ALL-UNNAMED --add-opens=java.base/java.util=ALL-UNNAMED --add-opens=java.prefs/java.util.prefs=ALL-UNNAMED --add-exports=jdk.compiler/com.sun.tools.javac.api=ALL-UNNAMED --add-exports=jdk.compiler/com.sun.tools.javac.util=ALL-UNNAMED --add-opens=java.base/java.util=ALL-UNNAMED --add-opens=java.prefs/java.util.prefs=ALL-UNNAMED --add-opens=java.base/java.nio.charset=ALL-UNNAMED --add-opens=java.base/java.net=ALL-UNNAMED --add-opens=java.base/java.util.concurrent=ALL-UNNAMED --add-opens=java.base/java.util.concurrent.atomic=ALL-UNNAMED --add-opens=java.xml/javax.xml.namespace=ALL-UNNAMED --add-opens=java.base/java.time=ALL-UNNAMED -Xmx4g -Dfile.encoding=UTF-8 -Duser.country=US -Duser.language=en -Duser.variant -javaagent:C:\Users\YOUSSEF ADEL\.gradle\wrapper\dists\gradle-9.3.1-bin\23ovyewtku6u96viwx3xl3oks\gradle-9.3.1\lib\agents\gradle-instrumentation-agent-9.3.1.jar 
java_command: org.gradle.launcher.daemon.bootstrap.GradleDaemon 9.3.1
java_class_path (initial): C:\Users\YOUSSEF ADEL\.gradle\wrapper\dists\gradle-9.3.1-bin\23ovyewtku6u96viwx3xl3oks\gradle-9.3.1\lib\gradle-daemon-main-9.3.1.jar
Launcher Type: SUN_STANDARD

[Global flags]
     intx CICompilerCount                          = 4                                         {product} {ergonomic}
     uint ConcGCThreads                            = 3                                         {product} {ergonomic}
     uint G1ConcRefinementThreads                  = 10                                        {product} {ergonomic}
   size_t G1HeapRegionSize                         = 2097152                                   {product} {ergonomic}
    uintx GCDrainStackTargetSize                   = 64                                        {product} {ergonomic}
   size_t InitialHeapSize                          = 96468992                                  {product} {ergonomic}
   size_t MarkStackSize                            = 4194304                                   {product} {ergonomic}
   size_t MaxHeapSize                              = 4294967296                                {product} {command line}
   size_t MaxNewSize                               = 2575302656                                {product} {ergonomic}
   size_t MinHeapDeltaBytes                        = 2097152                                   {product} {ergonomic}
   size_t MinHeapSize                              = 8388608                                   {product} {ergonomic}
    uintx NonNMethodCodeHeapSize                   = 5839372                                {pd product} {ergonomic}
    uintx NonProfiledCodeHeapSize                  = 122909434                              {pd product} {ergonomic}
    uintx ProfiledCodeHeapSize                     = 122909434                              {pd product} {ergonomic}
    uintx ReservedCodeCacheSize                    = 251658240                              {pd product} {ergonomic}
     bool SegmentedCodeCache                       = true                                      {product} {ergonomic}
   size_t SoftMaxHeapSize                          = 4294967296                             {manageable} {ergonomic}
     bool UseCompressedOops                        = true                           {product lp64_product} {ergonomic}
     bool UseG1GC                                  = true                                      {product} {ergonomic}
     bool UseLargePagesIndividualAllocation        = false                                  {pd product} {ergonomic}

Logging:
Log output configuration:
 #0: stdout all=warning uptime,level,tags foldmultilines=false
 #1: stderr all=off uptime,level,tags foldmultilines=false

Environment Variables:
CLASSPATH=C:\Users\YOUSSEF ADEL\Desktop\Meen-Fena-V-1.1-\\gradle\wrapper\gradle-wrapper.jar
PATH=C:\Program Files\Common Files\Oracle\Java\javapath;C:\Program Files (x86)\VMware\VMware Workstation\bin\;C:\Program Files\Eclipse Adoptium\jdk-21.0.5.11-hotspot\bin;C:\Program Files (x86)\Common Files\Oracle\Java\javapath;C:\WINDOWS\system32;C:\WINDOWS;C:\WINDOWS\System32\Wbem;C:\WINDOWS\System32\WindowsPowerShell\v1.0\;C:\WINDOWS\System32\OpenSSH\;C:\MinGW\bin;C:\msys64\mingw64\bin;C:\Program Files\dotnet\;C:\Program Files\Git\cmd;C:\Program Files\nodejs\;C:\ProgramData\chocolatey\bin;C:\Program Files\Java\jdk-25\bin;C:\Program Files (x86)\Microsoft SQL Server\170\Tools\Binn\;C:\Program Files\Microsoft SQL Server\170\Tools\Binn\;C:\Program Files\Microsoft SQL Server\Client SDK\ODBC\180\Tools\Binn\;C:\Program Files\Microsoft SQL Server\170\DTS\Binn\;C:\Program Files (x86)\dotnet\;C:\Users\YOUSSEF ADEL\AppData\Local\Programs\Python\Python313;C:\Users\YOUSSEF ADEL\AppData\Local\Programs\Microsoft VS Code\bin;C:\Users\YOUSSEF ADEL\ffmpeg-7.1;C:\Users\YOUSSEF ADEL\AppData\Local\Microsoft\WindowsApps;C:\Users\YOUSSEF ADEL\AppData\Local\Programs\Python\Python313\Scripts;C:\Users\YOUSSEF ADEL\AppData\Local\Programs\Python\Python313\Lib\site-packages;D:\Develpement\flutter\bin;C:\Users\YOUSSEF ADEL\.dotnet\tools
USERNAME=YOUSSEF ADEL
OS=Windows_NT
PROCESSOR_IDENTIFIER=AMD64 Family 23 Model 96 Stepping 1, AuthenticAMD
TMP=C:\Users\YOUSSE~1\AppData\Local\Temp
TEMP=C:\Users\YOUSSE~1\AppData\Local\Temp




Periodic native trim disabled

---------------  S Y S T E M  ---------------

OS:
 Windows 11 , 64 bit Build 26100 (10.0.26100.8328)
OS uptime: 0 days 0:34 hours
Hyper-V role detected

CPU: total 12 (initial active 12) (12 cores per cpu, 2 threads per core) family 23 model 96 stepping 1 microcode 0x860010f, cx8, cmov, fxsr, ht, mmx, 3dnowpref, sse, sse2, sse3, ssse3, sse4a, sse4.1, sse4.2, popcnt, lzcnt, tsc, tscinvbit, avx, avx2, aes, clmul, bmi1, bmi2, adx, sha, fma, vzeroupper, clflush, clflushopt, hv, rdtscp, rdpid, f16c
Processor Information for all 12 processors :
  Max Mhz: 2100, Current Mhz: 2100, Mhz Limit: 2100

Memory: 4k page, system-wide physical 5863M (611M free)
TotalPageFile size 12042M (AvailPageFile size 623M)
current process WorkingSet (physical memory assigned to process): 1611M, peak: 1614M
current process commit charge ("private bytes"): 1751M, peak: 2374M

vm_info: OpenJDK 64-Bit Server VM (21.0.5+11-LTS) for windows-amd64 JRE (21.0.5+11-LTS), built on 2024-10-15T00:00:00Z by "admin" with MS VC++ 17.7 (VS2022)

END.
