#
# There is insufficient memory for the Java Runtime Environment to continue.
# Native memory allocation (mmap) failed to map 532676608 bytes. Error detail: G1 virtual space
# Possible reasons:
#   The system is out of physical RAM or swap space
#   This process is running with CompressedOops enabled, and the Java Heap may be blocking the growth of the native heap
# Possible solutions:
#   Reduce memory load on the system
#   Increase physical memory or swap space
#   Check if swap backing store is full
#   Decrease Java heap size (-Xmx/-Xms)
#   Decrease number of Java threads
#   Decrease Java thread stack sizes (-Xss)
#   Set larger code cache with -XX:ReservedCodeCacheSize=
#   JVM is running with Zero Based Compressed Oops mode in which the Java heap is
#     placed in the first 32GB address space. The Java Heap base address is the
#     maximum limit for the native heap growth. Please use -XX:HeapBaseMinAddress
#     to set the Java Heap base and to place the Java Heap above 32GB virtual address.
# This output file may be truncated or incomplete.
#
#  Out of Memory Error (os_windows.cpp:3616), pid=1720, tid=3640
#
# JRE version: OpenJDK Runtime Environment Temurin-21.0.5+11 (21.0.5+11) (build 21.0.5+11-LTS)
# Java VM: OpenJDK 64-Bit Server VM Temurin-21.0.5+11 (21.0.5+11-LTS, mixed mode, sharing, tiered, compressed oops, compressed class ptrs, g1 gc, windows-amd64)
# No core dump will be written. Minidumps are not enabled by default on client versions of Windows
#

---------------  S U M M A R Y ------------

Command Line: --add-opens=java.base/java.lang=ALL-UNNAMED --add-opens=java.base/java.lang.invoke=ALL-UNNAMED --add-opens=java.base/java.util=ALL-UNNAMED --add-opens=java.prefs/java.util.prefs=ALL-UNNAMED --add-exports=jdk.compiler/com.sun.tools.javac.api=ALL-UNNAMED --add-exports=jdk.compiler/com.sun.tools.javac.util=ALL-UNNAMED --add-opens=java.base/java.util=ALL-UNNAMED --add-opens=java.prefs/java.util.prefs=ALL-UNNAMED --add-opens=java.base/java.nio.charset=ALL-UNNAMED --add-opens=java.base/java.net=ALL-UNNAMED --add-opens=java.base/java.util.concurrent=ALL-UNNAMED --add-opens=java.base/java.util.concurrent.atomic=ALL-UNNAMED --add-opens=java.xml/javax.xml.namespace=ALL-UNNAMED --add-opens=java.base/java.time=ALL-UNNAMED -Xmx4g -Dfile.encoding=UTF-8 -Duser.country=US -Duser.language=en -Duser.variant -javaagent:C:\Users\YOUSSEF ADEL\.gradle\wrapper\dists\gradle-9.3.1-bin\23ovyewtku6u96viwx3xl3oks\gradle-9.3.1\lib\agents\gradle-instrumentation-agent-9.3.1.jar org.gradle.launcher.daemon.bootstrap.GradleDaemon 9.3.1

Host: AMD Ryzen 5 PRO 4650U with Radeon Graphics, 12 cores, 5G,  Windows 11 , 64 bit Build 26100 (10.0.26100.8328)
Time: Sun Aug 30 02:14:57 2026 Egypt Daylight Time elapsed time: 7033.550029 seconds (0d 1h 57m 13s)

---------------  T H R E A D  ---------------

Current thread (0x00000278274ff140):  VMThread "VM Thread"          [id=3640, stack(0x000000b9f7d00000,0x000000b9f7e00000) (1024K)]

Stack: [0x000000b9f7d00000,0x000000b9f7e00000]
Native frames: (J=compiled Java code, j=interpreted, Vv=VM code, C=native code)
V  [jvm.dll+0x6cd4e9]
V  [jvm.dll+0x8a7941]
V  [jvm.dll+0x8a9e6e]
V  [jvm.dll+0x8aa543]
V  [jvm.dll+0x27f6d6]
V  [jvm.dll+0x6c9c25]
V  [jvm.dll+0x6be84a]
V  [jvm.dll+0x355c6a]
V  [jvm.dll+0x35d836]
V  [jvm.dll+0x3af40e]
V  [jvm.dll+0x3af6b8]
V  [jvm.dll+0x329dfc]
V  [jvm.dll+0x329e87]
V  [jvm.dll+0x36dc4c]
V  [jvm.dll+0x36c498]
V  [jvm.dll+0x3295c1]
V  [jvm.dll+0x36bb0a]
V  [jvm.dll+0x8b025f]
V  [jvm.dll+0x8b15e4]
V  [jvm.dll+0x8b1b20]
V  [jvm.dll+0x8b1dc3]
V  [jvm.dll+0x8514fb]
V  [jvm.dll+0x6cbbed]
C  [ucrtbase.dll+0x37b0]
C  [KERNEL32.DLL+0x2e957]
C  [ntdll.dll+0x427c]

VM_Operation (0x000000b9828f3940): G1CollectForAllocation, mode: safepoint, requested by thread 0x000002787cee75f0


---------------  P R O C E S S  ---------------

Threads class SMR info:
_java_thread_list=0x0000027899fa2700, length=74, elements={
0x0000027805ccf180, 0x00000278275186c0, 0x000002782751b120, 0x000002782751db80,
0x00000278275225f0, 0x0000027827523040, 0x00000278275240a0, 0x0000027827529250,
0x000002782752be30, 0x000002782774cfa0, 0x000002782798dc60, 0x000002786e526930,
0x000002786e9585d0, 0x000002786e52cd20, 0x000002786e6de7e0, 0x000002786e6dfb90,
0x000002786e6e0f40, 0x000002786f54a180, 0x000002786f548dd0, 0x000002786f54aea0,
0x0000027827a60430, 0x00000278870e3750, 0x00000278866f1ec0, 0x000002787ccebbe0,
0x00000278745ef9b0, 0x00000278856a5450, 0x00000278869db180, 0x00000278869d9dd0,
0x000002789b5294f0, 0x000002786f723640, 0x00000278864fafc0, 0x00000278864fd720,
0x000002787377a080, 0x00000278744bee50, 0x000002787377a710, 0x000002789ad159c0,
0x000002789ad16050, 0x0000027872b9c0b0, 0x0000027872b9f530, 0x0000027872b9cdd0,
0x0000027899c82230, 0x0000027899c835e0, 0x000002787ccc2db0, 0x000002787ccc3440,
0x0000027886854b80, 0x0000027886b3ec10, 0x0000027886b41370, 0x0000027886b41a00,
0x00000278711a1440, 0x00000278711a4f50, 0x00000278711a1ad0, 0x0000027886851700,
0x0000027886857970, 0x0000027886858000, 0x0000027899c80e80, 0x000002787ccc3ad0,
0x0000027872669960, 0x00000278726685b0, 0x0000027886b42090, 0x0000027886b40ce0,
0x0000027886b3ffc0, 0x0000027886b40650, 0x00000278870e4470, 0x00000278711a3510,
0x000002786f169340, 0x000002786f165ec0, 0x00000278864fd090, 0x0000027871d5f230,
0x0000027871d5de80, 0x0000027871d626b0, 0x00000278711a0db0, 0x00000278870e23a0,
0x000002787cee75f0, 0x00000278996ba9e0
}

Java Threads: ( => current thread )
  0x0000027805ccf180 JavaThread "main"                              [_thread_blocked, id=11520, stack(0x000000b9f7600000,0x000000b9f7700000) (1024K)]
  0x00000278275186c0 JavaThread "Reference Handler"          daemon [_thread_blocked, id=6840, stack(0x000000b9f7e00000,0x000000b9f7f00000) (1024K)]
  0x000002782751b120 JavaThread "Finalizer"                  daemon [_thread_blocked, id=14616, stack(0x000000b9f7f00000,0x000000b9f8000000) (1024K)]
  0x000002782751db80 JavaThread "Signal Dispatcher"          daemon [_thread_blocked, id=8392, stack(0x000000b9f8000000,0x000000b9f8100000) (1024K)]
  0x00000278275225f0 JavaThread "Attach Listener"            daemon [_thread_blocked, id=12824, stack(0x000000b9f8100000,0x000000b9f8200000) (1024K)]
  0x0000027827523040 JavaThread "Service Thread"             daemon [_thread_blocked, id=6412, stack(0x000000b9f8200000,0x000000b9f8300000) (1024K)]
  0x00000278275240a0 JavaThread "Monitor Deflation Thread"   daemon [_thread_blocked, id=1948, stack(0x000000b9f8300000,0x000000b9f8400000) (1024K)]
  0x0000027827529250 JavaThread "C2 CompilerThread0"         daemon [_thread_blocked, id=9440, stack(0x000000b9f8400000,0x000000b9f8500000) (1024K)]
  0x000002782752be30 JavaThread "C1 CompilerThread0"         daemon [_thread_blocked, id=13272, stack(0x000000b9f8500000,0x000000b9f8600000) (1024K)]
  0x000002782774cfa0 JavaThread "Common-Cleaner"             daemon [_thread_blocked, id=8272, stack(0x000000b9f8600000,0x000000b9f8700000) (1024K)]
  0x000002782798dc60 JavaThread "Notification Thread"        daemon [_thread_blocked, id=6896, stack(0x000000b9f8800000,0x000000b9f8900000) (1024K)]
  0x000002786e526930 JavaThread "Daemon health stats"               [_thread_blocked, id=8260, stack(0x000000b9f8d00000,0x000000b9f8e00000) (1024K)]
  0x000002786e9585d0 JavaThread "Incoming local TCP Connector on port 55195"        [_thread_in_native, id=15688, stack(0x000000b9f8e00000,0x000000b9f8f00000) (1024K)]
  0x000002786e52cd20 JavaThread "Daemon periodic checks"            [_thread_blocked, id=11948, stack(0x000000b9f8f00000,0x000000b9f9000000) (1024K)]
  0x000002786e6de7e0 JavaThread "Cache worker for journal cache (C:\Users\YOUSSEF ADEL\.gradle\caches\journal-1)"        [_thread_blocked, id=15232, stack(0x000000b9f9c00000,0x000000b9f9d00000) (1024K)]
  0x000002786e6dfb90 JavaThread "File lock request listener"        [_thread_in_native, id=15524, stack(0x000000b9f9d00000,0x000000b9f9e00000) (1024K)]
  0x000002786e6e0f40 JavaThread "Cache worker for file hash cache (C:\Users\YOUSSEF ADEL\.gradle\caches\9.3.1\fileHashes)"        [_thread_blocked, id=15624, stack(0x000000b9f9e00000,0x000000b9f9f00000) (1024K)]
  0x000002786f54a180 JavaThread "Cache worker for file content cache (C:\Users\YOUSSEF ADEL\.gradle\caches\9.3.1\fileContent)"        [_thread_blocked, id=15388, stack(0x000000b9fa400000,0x000000b9fa500000) (1024K)]
  0x000002786f548dd0 JavaThread "File watcher server"        daemon [_thread_blocked, id=12576, stack(0x000000b9f8700000,0x000000b9f8800000) (1024K)]
  0x000002786f54aea0 JavaThread "File watcher consumer"      daemon [_thread_blocked, id=11312, stack(0x000000b9fa500000,0x000000b9fa600000) (1024K)]
  0x0000027827a60430 JavaThread "Memory manager"                    [_thread_blocked, id=13132, stack(0x000000b9fc000000,0x000000b9fc100000) (1024K)]
  0x00000278870e3750 JavaThread "Cache worker for Java compile cache (C:\Users\YOUSSEF ADEL\.gradle\caches\9.3.1\javaCompile)"        [_thread_blocked, id=13648, stack(0x000000b9f7300000,0x000000b9f7400000) (1024K)]
  0x00000278866f1ec0 JavaThread "DefaultDispatcher-worker-1" daemon [_thread_blocked, id=820, stack(0x000000b9ff000000,0x000000b9ff100000) (1024K)]
  0x000002787ccebbe0 JavaThread "DefaultDispatcher-worker-2" daemon [_thread_blocked, id=9744, stack(0x000000b9ff100000,0x000000b9ff200000) (1024K)]
  0x00000278745ef9b0 JavaThread "DefaultDispatcher-worker-3" daemon [_thread_blocked, id=16124, stack(0x000000b9ff200000,0x000000b9ff300000) (1024K)]
  0x00000278856a5450 JavaThread "Periodic tasks thread"      daemon [_thread_blocked, id=16292, stack(0x000000b9ff300000,0x000000b9ff400000) (1024K)]
  0x00000278869db180 JavaThread "ApplicationImpl pooled thread 1"        [_thread_blocked, id=14036, stack(0x000000b9ff400000,0x000000b9ff500000) (1024K)]
  0x00000278869d9dd0 JavaThread "Java2D Disposer"            daemon [_thread_blocked, id=13836, stack(0x000000b9ff600000,0x000000b9ff700000) (1024K)]
  0x000002789b5294f0 JavaThread "AWT-Windows"                daemon [_thread_in_native, id=11660, stack(0x000000b9ff800000,0x000000b9ff900000) (1024K)]
  0x000002786f723640 JavaThread "ApplicationImpl pooled thread 2"        [_thread_blocked, id=14028, stack(0x000000b9ffb00000,0x000000b9ffc00000) (1024K)]
  0x00000278864fafc0 JavaThread "DefaultDispatcher-worker-4" daemon [_thread_blocked, id=12540, stack(0x000000b9fff00000,0x000000ba00000000) (1024K)]
  0x00000278864fd720 JavaThread "DefaultDispatcher-worker-5" daemon [_thread_blocked, id=10496, stack(0x000000b980000000,0x000000b980100000) (1024K)]
  0x000002787377a080 JavaThread "jar transforms"                    [_thread_blocked, id=14308, stack(0x000000b980b00000,0x000000b980c00000) (1024K)]
  0x00000278744bee50 JavaThread "jar transforms Thread 2"           [_thread_blocked, id=15504, stack(0x000000b981100000,0x000000b981200000) (1024K)]
  0x000002787377a710 JavaThread "jar transforms Thread 3"           [_thread_blocked, id=14316, stack(0x000000b981200000,0x000000b981300000) (1024K)]
  0x000002789ad159c0 JavaThread "jar transforms Thread 4"           [_thread_blocked, id=5108, stack(0x000000b981b00000,0x000000b981c00000) (1024K)]
  0x000002789ad16050 JavaThread "jar transforms Thread 5"           [_thread_blocked, id=15032, stack(0x000000b981c00000,0x000000b981d00000) (1024K)]
  0x0000027872b9c0b0 JavaThread "jar transforms Thread 6"           [_thread_blocked, id=12076, stack(0x000000b982000000,0x000000b982100000) (1024K)]
  0x0000027872b9f530 JavaThread "jar transforms Thread 7"           [_thread_blocked, id=4864, stack(0x000000b982100000,0x000000b982200000) (1024K)]
  0x0000027872b9cdd0 JavaThread "jar transforms Thread 8"           [_thread_blocked, id=6096, stack(0x000000b982200000,0x000000b982300000) (1024K)]
  0x0000027899c82230 JavaThread "jar transforms Thread 9"           [_thread_blocked, id=6928, stack(0x000000b980a00000,0x000000b980b00000) (1024K)]
  0x0000027899c835e0 JavaThread "jar transforms Thread 10"          [_thread_blocked, id=14324, stack(0x000000b980c00000,0x000000b980d00000) (1024K)]
  0x000002787ccc2db0 JavaThread "jar transforms Thread 11"          [_thread_blocked, id=14852, stack(0x000000b980d00000,0x000000b980e00000) (1024K)]
  0x000002787ccc3440 JavaThread "jar transforms Thread 12"          [_thread_blocked, id=13536, stack(0x000000b980e00000,0x000000b980f00000) (1024K)]
  0x0000027886854b80 JavaThread "Daemon Thread 6"                   [_thread_blocked, id=13632, stack(0x000000b980100000,0x000000b980200000) (1024K)]
  0x0000027886b3ec10 JavaThread "Handler for socket connection from /127.0.0.1:55195 to /127.0.0.1:56079"        [_thread_in_native, id=14964, stack(0x000000b980200000,0x000000b980300000) (1024K)]
  0x0000027886b41370 JavaThread "Cancel handler"                    [_thread_blocked, id=11656, stack(0x000000b980300000,0x000000b980400000) (1024K)]
  0x0000027886b41a00 JavaThread "Daemon worker Thread 5"            [_thread_blocked, id=7976, stack(0x000000b980400000,0x000000b980500000) (1024K)]
  0x00000278711a1440 JavaThread "Asynchronous log dispatcher for DefaultDaemonConnection: socket connection from /127.0.0.1:55195 to /127.0.0.1:56079"        [_thread_blocked, id=5832, stack(0x000000b980500000,0x000000b980600000) (1024K)]
  0x00000278711a4f50 JavaThread "Stdin handler"                     [_thread_blocked, id=8064, stack(0x000000b980600000,0x000000b980700000) (1024K)]
  0x00000278711a1ad0 JavaThread "Daemon client event forwarder"        [_thread_blocked, id=6104, stack(0x000000b980700000,0x000000b980800000) (1024K)]
  0x0000027886851700 JavaThread "Cache worker for file hash cache (C:\Users\YOUSSEF ADEL\Desktop\Meen-Fena-V-1.1-\.gradle\9.3.1\fileHashes)"        [_thread_blocked, id=10320, stack(0x000000b980800000,0x000000b980900000) (1024K)]
  0x0000027886857970 JavaThread "Cache worker for checksums cache (C:\Users\YOUSSEF ADEL\Desktop\Meen-Fena-V-1.1-\.gradle\9.3.1\checksums)"        [_thread_blocked, id=12620, stack(0x000000b980900000,0x000000b980a00000) (1024K)]
  0x0000027886858000 JavaThread "Cache worker for Build Output Cleanup Cache (C:\Users\YOUSSEF ADEL\Desktop\Meen-Fena-V-1.1-\.gradle\buildOutputCleanup)"        [_thread_blocked, id=9200, stack(0x000000b980f00000,0x000000b981000000) (1024K)]
  0x0000027899c80e80 JavaThread "Cache worker for cache directory md-supplier (C:\Users\YOUSSEF ADEL\.gradle\caches\9.3.1\md-supplier)"        [_thread_blocked, id=9012, stack(0x000000b981300000,0x000000b981400000) (1024K)]
  0x000002787ccc3ad0 JavaThread "Cache worker for cache directory md-rule (C:\Users\YOUSSEF ADEL\.gradle\caches\9.3.1\md-rule)"        [_thread_blocked, id=14332, stack(0x000000b981000000,0x000000b981100000) (1024K)]
  0x0000027872669960 JavaThread "build event listener"              [_thread_blocked, id=9960, stack(0x000000b981500000,0x000000b981600000) (1024K)]
  0x00000278726685b0 JavaThread "Build operations"                  [_thread_blocked, id=8300, stack(0x000000b981600000,0x000000b981700000) (1024K)]
  0x0000027886b42090 JavaThread "included builds"                   [_thread_blocked, id=16380, stack(0x000000b981400000,0x000000b981500000) (1024K)]
  0x0000027886b40ce0 JavaThread "Execution worker"                  [_thread_blocked, id=12912, stack(0x000000b981700000,0x000000b981800000) (1024K)]
  0x0000027886b3ffc0 JavaThread "Execution worker Thread 2"         [_thread_blocked, id=15780, stack(0x000000b981800000,0x000000b981900000) (1024K)]
  0x0000027886b40650 JavaThread "Execution worker Thread 3"         [_thread_blocked, id=6320, stack(0x000000b981900000,0x000000b981a00000) (1024K)]
  0x00000278870e4470 JavaThread "Cache worker for execution history cache (C:\Users\YOUSSEF ADEL\Desktop\Meen-Fena-V-1.1-\.gradle\9.3.1\executionHistory)"        [_thread_blocked, id=8096, stack(0x000000b981a00000,0x000000b981b00000) (1024K)]
  0x00000278711a3510 JavaThread "WorkerExecutor Queue"              [_thread_blocked, id=15756, stack(0x000000b981e00000,0x000000b981f00000) (1024K)]
  0x000002786f169340 JavaThread "DefaultDispatcher-worker-1" daemon [_thread_blocked, id=14340, stack(0x000000b982300000,0x000000b982400000) (1024K)]
  0x000002786f165ec0 JavaThread "DefaultDispatcher-worker-2" daemon [_thread_blocked, id=3888, stack(0x000000b982400000,0x000000b982500000) (1024K)]
  0x00000278864fd090 JavaThread "DefaultDispatcher-worker-3" daemon [_thread_blocked, id=3424, stack(0x000000b982500000,0x000000b982600000) (1024K)]
  0x0000027871d5f230 JavaThread "Periodic tasks thread"      daemon [_thread_blocked, id=9980, stack(0x000000b981f00000,0x000000b982000000) (1024K)]
  0x0000027871d5de80 JavaThread "ApplicationImpl pooled thread 1"        [_thread_blocked, id=14952, stack(0x000000b982600000,0x000000b982700000) (1024K)]
  0x0000027871d626b0 JavaThread "ForkJoinPool.commonPool-worker-23" daemon [_thread_blocked, id=2296, stack(0x000000b982700000,0x000000b982800000) (1024K)]
  0x00000278711a0db0 JavaThread "ForkJoinPool.commonPool-worker-24" daemon [_thread_blocked, id=8068, stack(0x000000b981d00000,0x000000b981e00000) (1024K)]
  0x00000278870e23a0 JavaThread "WorkerExecutor Queue Thread 2"        [_thread_blocked, id=15424, stack(0x000000b982a00000,0x000000b982b00000) (1024K)]
  0x000002787cee75f0 JavaThread "pool-13-thread-1"                  [_thread_blocked, id=15332, stack(0x000000b982800000,0x000000b982900000) (1024K)]
  0x00000278996ba9e0 JavaThread "C2 CompilerThread1"         daemon [_thread_blocked, id=14296, stack(0x000000b982900000,0x000000b982a00000) (1024K)]
Total: 74

Other Threads:
=>0x00000278274ff140 VMThread "VM Thread"                           [id=3640, stack(0x000000b9f7d00000,0x000000b9f7e00000) (1024K)]
  0x00000278274edfb0 WatcherThread "VM Periodic Task Thread"        [id=12504, stack(0x000000b9f7c00000,0x000000b9f7d00000) (1024K)]
  0x0000027805d39c80 WorkerThread "GC Thread#0"                     [id=7476, stack(0x000000b9f7700000,0x000000b9f7800000) (1024K)]
  0x000002786d0a5d40 WorkerThread "GC Thread#1"                     [id=15892, stack(0x000000b9f8900000,0x000000b9f8a00000) (1024K)]
  0x000002786d163b20 WorkerThread "GC Thread#2"                     [id=12596, stack(0x000000b9f8a00000,0x000000b9f8b00000) (1024K)]
  0x000002786d8a0ad0 WorkerThread "GC Thread#3"                     [id=9128, stack(0x000000b9f8b00000,0x000000b9f8c00000) (1024K)]
  0x000002786dd78230 WorkerThread "GC Thread#4"                     [id=15292, stack(0x000000b9f8c00000,0x000000b9f8d00000) (1024K)]
  0x000002786eb5b710 WorkerThread "GC Thread#5"                     [id=15644, stack(0x000000b9f9700000,0x000000b9f9800000) (1024K)]
  0x000002786eb5bec0 WorkerThread "GC Thread#6"                     [id=3624, stack(0x000000b9f9800000,0x000000b9f9900000) (1024K)]
  0x000002786eb5c260 WorkerThread "GC Thread#7"                     [id=13748, stack(0x000000b9f9900000,0x000000b9f9a00000) (1024K)]
  0x000002786eb46cb0 WorkerThread "GC Thread#8"                     [id=15328, stack(0x000000b9f9a00000,0x000000b9f9b00000) (1024K)]
  0x000002786eb47ed0 WorkerThread "GC Thread#9"                     [id=2936, stack(0x000000b9f9b00000,0x000000b9f9c00000) (1024K)]
  0x0000027805d4ab70 ConcurrentGCThread "G1 Main Marker"            [id=11856, stack(0x000000b9f7800000,0x000000b9f7900000) (1024K)]
  0x0000027805d4c400 WorkerThread "G1 Conc#0"                       [id=4960, stack(0x000000b9f7900000,0x000000b9f7a00000) (1024K)]
  0x000002786eb46910 WorkerThread "G1 Conc#1"                       [id=7060, stack(0x000000b9f9f00000,0x000000b9fa000000) (1024K)]
  0x000002786eb473f0 WorkerThread "G1 Conc#2"                       [id=4664, stack(0x000000b9fa000000,0x000000b9fa100000) (1024K)]
  0x00000278273b2b20 ConcurrentGCThread "G1 Refine#0"               [id=7424, stack(0x000000b9f7a00000,0x000000b9f7b00000) (1024K)]
  0x0000027887053150 ConcurrentGCThread "G1 Refine#1"               [id=16352, stack(0x000000b9fec00000,0x000000b9fed00000) (1024K)]
  0x0000027887052010 ConcurrentGCThread "G1 Refine#2"               [id=1036, stack(0x000000b9fed00000,0x000000b9fee00000) (1024K)]
  0x0000027887052460 ConcurrentGCThread "G1 Refine#3"               [id=8560, stack(0x000000b9fee00000,0x000000b9fef00000) (1024K)]
  0x00000278870539f0 ConcurrentGCThread "G1 Refine#4"               [id=6324, stack(0x000000b9fef00000,0x000000b9ff000000) (1024K)]
  0x00000278273b3f60 ConcurrentGCThread "G1 Service"                [id=5056, stack(0x000000b9f7b00000,0x000000b9f7c00000) (1024K)]
Total: 22

Threads with active compile tasks:
C2 CompilerThread0  7033600 95582       4       org.jetbrains.kotlin.resolve.calls.inference.components.VariableFixationFinderKt::extractProjectionsForAllCapturedTypes (316 bytes)
Total: 1

VM state: at safepoint (normal execution)

VM Mutex/Monitor currently owned by a thread:  ([mutex/lock_event])
[0x00007ff84259d380] Threads_lock - owner thread: 0x00000278274ff140
[0x00007ff84259d480] Heap_lock - owner thread: 0x000002787cee75f0

Heap address: 0x0000000700000000, size: 4096 MB, Compressed Oops mode: Zero based, Oop shift amount: 3

CDS archive(s) mapped at: [0x0000027828000000-0x0000027828c80000-0x0000027828c80000), size 13107200, SharedBaseAddress: 0x0000027828000000, ArchiveRelocationMode: 1.
Compressed class space mapped at: 0x0000027829000000-0x0000027869000000, reserved size: 1073741824
Narrow klass base: 0x0000027828000000, Narrow klass shift: 0, Narrow klass range: 0x100000000

GC Precious Log:
 CardTable entry size: 512
 Card Set container configuration: InlinePtr #cards 4 size 8 Array Of Cards #cards 16 size 48 Howl #buckets 8 coarsen threshold 3686 Howl Bitmap #cards 512 size 80 coarsen threshold 460 Card regions per heap region 1 cards per card region 4096
 CPUs: 12 total, 12 available
 Memory: 5863M
 Large Page Support: Disabled
 NUMA Support: Disabled
 Compressed Oops: Enabled (Zero based)
 Heap Region Size: 2M
 Heap Min Capacity: 8M
 Heap Initial Capacity: 92M
 Heap Max Capacity: 4G
 Pre-touch: Disabled
 Parallel Workers: 10
 Concurrent Workers: 3
 Concurrent Refinement Workers: 10
 Periodic GC: Disabled

Heap:
 garbage-first heap   total 1597440K, used 594459K [0x0000000700000000, 0x0000000800000000)
  region size 2048K, 5 young (10240K), 5 survivors (10240K)
 Metaspace       used 445362K, committed 447936K, reserved 1507328K
  class space    used 52111K, committed 53440K, reserved 1048576K

Heap Regions: E=young(eden), S=young(survivor), O=old, HS=humongous(starts), HC=humongous(continues), CS=collection set, F=free, TAMS=top-at-mark-start, PB=parsable bottom
|   0|0x0000000700000000, 0x0000000700200000, 0x0000000700200000|100%|HS|  |TAMS 0x0000000700000000| PB 0x0000000700000000| Complete 
|   1|0x0000000700200000, 0x0000000700400000, 0x0000000700400000|100%|HC|  |TAMS 0x0000000700200000| PB 0x0000000700200000| Complete 
|   2|0x0000000700400000, 0x0000000700600000, 0x0000000700600000|100%| O|  |TAMS 0x0000000700400000| PB 0x0000000700400000| Untracked 
|   3|0x0000000700600000, 0x0000000700800000, 0x0000000700800000|100%| O|  |TAMS 0x0000000700600000| PB 0x0000000700600000| Untracked 
|   4|0x0000000700800000, 0x0000000700a00000, 0x0000000700a00000|100%| O|  |TAMS 0x0000000700800000| PB 0x0000000700800000| Untracked 
|   5|0x0000000700a00000, 0x0000000700c00000, 0x0000000700c00000|100%| O|  |TAMS 0x0000000700a00000| PB 0x0000000700a00000| Untracked 
|   6|0x0000000700c00000, 0x0000000700e00000, 0x0000000700e00000|100%| O|  |TAMS 0x0000000700c00000| PB 0x0000000700c00000| Untracked 
|   7|0x0000000700e00000, 0x0000000701000000, 0x0000000701000000|100%| O|  |TAMS 0x0000000700e00000| PB 0x0000000700e00000| Untracked 
|   8|0x0000000701000000, 0x0000000701200000, 0x0000000701200000|100%| O|  |TAMS 0x0000000701000000| PB 0x0000000701000000| Untracked 
|   9|0x0000000701200000, 0x0000000701400000, 0x0000000701400000|100%| O|  |TAMS 0x0000000701200000| PB 0x0000000701200000| Untracked 
|  10|0x0000000701400000, 0x0000000701600000, 0x0000000701600000|100%| O|  |TAMS 0x0000000701400000| PB 0x0000000701400000| Untracked 
|  11|0x0000000701600000, 0x0000000701800000, 0x0000000701800000|100%| O|  |TAMS 0x0000000701600000| PB 0x0000000701600000| Untracked 
|  12|0x0000000701800000, 0x0000000701a00000, 0x0000000701a00000|100%| O|  |TAMS 0x0000000701800000| PB 0x0000000701800000| Untracked 
|  13|0x0000000701a00000, 0x0000000701c00000, 0x0000000701c00000|100%| O|  |TAMS 0x0000000701a00000| PB 0x0000000701a00000| Untracked 
|  14|0x0000000701c00000, 0x0000000701e00000, 0x0000000701e00000|100%| O|  |TAMS 0x0000000701c00000| PB 0x0000000701c00000| Untracked 
|  15|0x0000000701e00000, 0x0000000702000000, 0x0000000702000000|100%| O|  |TAMS 0x0000000701e00000| PB 0x0000000701e00000| Untracked 
|  16|0x0000000702000000, 0x0000000702200000, 0x0000000702200000|100%| O|  |TAMS 0x0000000702000000| PB 0x0000000702000000| Untracked 
|  17|0x0000000702200000, 0x0000000702400000, 0x0000000702400000|100%| O|  |TAMS 0x0000000702200000| PB 0x0000000702200000| Untracked 
|  18|0x0000000702400000, 0x0000000702600000, 0x0000000702600000|100%| O|  |TAMS 0x0000000702400000| PB 0x0000000702400000| Untracked 
|  19|0x0000000702600000, 0x0000000702800000, 0x0000000702800000|100%| O|  |TAMS 0x0000000702600000| PB 0x0000000702600000| Untracked 
|  20|0x0000000702800000, 0x0000000702a00000, 0x0000000702a00000|100%| O|  |TAMS 0x0000000702800000| PB 0x0000000702800000| Untracked 
|  21|0x0000000702a00000, 0x0000000702c00000, 0x0000000702c00000|100%| O|  |TAMS 0x0000000702a00000| PB 0x0000000702a00000| Untracked 
|  22|0x0000000702c00000, 0x0000000702e00000, 0x0000000702e00000|100%|HS|  |TAMS 0x0000000702c00000| PB 0x0000000702c00000| Complete 
|  23|0x0000000702e00000, 0x0000000703000000, 0x0000000703000000|100%| O|  |TAMS 0x0000000702e00000| PB 0x0000000702e00000| Untracked 
|  24|0x0000000703000000, 0x0000000703200000, 0x0000000703200000|100%| O|  |TAMS 0x0000000703000000| PB 0x0000000703000000| Untracked 
|  25|0x0000000703200000, 0x0000000703400000, 0x0000000703400000|100%|HS|  |TAMS 0x0000000703200000| PB 0x0000000703200000| Complete 
|  26|0x0000000703400000, 0x0000000703600000, 0x0000000703600000|100%| O|  |TAMS 0x0000000703400000| PB 0x0000000703400000| Untracked 
|  27|0x0000000703600000, 0x0000000703800000, 0x0000000703800000|100%| O|  |TAMS 0x0000000703600000| PB 0x0000000703600000| Untracked 
|  28|0x0000000703800000, 0x0000000703a00000, 0x0000000703a00000|100%| O|  |TAMS 0x0000000703800000| PB 0x0000000703800000| Untracked 
|  29|0x0000000703a00000, 0x0000000703c00000, 0x0000000703c00000|100%| O|  |TAMS 0x0000000703a00000| PB 0x0000000703a00000| Untracked 
|  30|0x0000000703c00000, 0x0000000703e00000, 0x0000000703e00000|100%| O|  |TAMS 0x0000000703c00000| PB 0x0000000703c00000| Untracked 
|  31|0x0000000703e00000, 0x0000000704000000, 0x0000000704000000|100%| O|Cm|TAMS 0x0000000703e00000| PB 0x0000000703e00000| Complete 
|  32|0x0000000704000000, 0x0000000704200000, 0x0000000704200000|100%| O|  |TAMS 0x0000000704000000| PB 0x0000000704000000| Untracked 
|  33|0x0000000704200000, 0x0000000704400000, 0x0000000704400000|100%| O|  |TAMS 0x0000000704200000| PB 0x0000000704200000| Untracked 
|  34|0x0000000704400000, 0x0000000704600000, 0x0000000704600000|100%| O|  |TAMS 0x0000000704400000| PB 0x0000000704400000| Untracked 
|  35|0x0000000704600000, 0x0000000704800000, 0x0000000704800000|100%| O|  |TAMS 0x0000000704600000| PB 0x0000000704600000| Untracked 
|  36|0x0000000704800000, 0x0000000704a00000, 0x0000000704a00000|100%| O|  |TAMS 0x0000000704800000| PB 0x0000000704800000| Untracked 
|  37|0x0000000704a00000, 0x0000000704c00000, 0x0000000704c00000|100%| O|  |TAMS 0x0000000704a00000| PB 0x0000000704a00000| Untracked 
|  38|0x0000000704c00000, 0x0000000704e00000, 0x0000000704e00000|100%| O|  |TAMS 0x0000000704c00000| PB 0x0000000704c00000| Untracked 
|  39|0x0000000704e00000, 0x0000000705000000, 0x0000000705000000|100%| O|  |TAMS 0x0000000704e00000| PB 0x0000000704e00000| Untracked 
|  40|0x0000000705000000, 0x0000000705200000, 0x0000000705200000|100%| O|  |TAMS 0x0000000705000000| PB 0x0000000705000000| Untracked 
|  41|0x0000000705200000, 0x0000000705400000, 0x0000000705400000|100%| O|  |TAMS 0x0000000705200000| PB 0x0000000705200000| Untracked 
|  42|0x0000000705400000, 0x0000000705600000, 0x0000000705600000|100%| O|  |TAMS 0x0000000705400000| PB 0x0000000705400000| Untracked 
|  43|0x0000000705600000, 0x0000000705800000, 0x0000000705800000|100%| O|  |TAMS 0x0000000705600000| PB 0x0000000705600000| Untracked 
|  44|0x0000000705800000, 0x0000000705a00000, 0x0000000705a00000|100%| O|  |TAMS 0x0000000705800000| PB 0x0000000705800000| Untracked 
|  45|0x0000000705a00000, 0x0000000705c00000, 0x0000000705c00000|100%| O|  |TAMS 0x0000000705a00000| PB 0x0000000705a00000| Untracked 
|  46|0x0000000705c00000, 0x0000000705e00000, 0x0000000705e00000|100%| O|  |TAMS 0x0000000705c00000| PB 0x0000000705c00000| Untracked 
|  47|0x0000000705e00000, 0x0000000706000000, 0x0000000706000000|100%| O|Cm|TAMS 0x0000000705e00000| PB 0x0000000705e00000| Complete 
|  48|0x0000000706000000, 0x0000000706200000, 0x0000000706200000|100%| O|Cm|TAMS 0x0000000706000000| PB 0x0000000706000000| Complete 
|  49|0x0000000706200000, 0x0000000706400000, 0x0000000706400000|100%| O|  |TAMS 0x0000000706200000| PB 0x0000000706200000| Untracked 
|  50|0x0000000706400000, 0x0000000706600000, 0x0000000706600000|100%| O|  |TAMS 0x0000000706400000| PB 0x0000000706400000| Untracked 
|  51|0x0000000706600000, 0x0000000706800000, 0x0000000706800000|100%| O|  |TAMS 0x0000000706600000| PB 0x0000000706600000| Untracked 
|  52|0x0000000706800000, 0x0000000706a00000, 0x0000000706a00000|100%| O|  |TAMS 0x0000000706800000| PB 0x0000000706800000| Untracked 
|  53|0x0000000706a00000, 0x0000000706c00000, 0x0000000706c00000|100%| O|Cm|TAMS 0x0000000706a00000| PB 0x0000000706a00000| Complete 
|  54|0x0000000706c00000, 0x0000000706e00000, 0x0000000706e00000|100%| O|Cm|TAMS 0x0000000706c00000| PB 0x0000000706c00000| Complete 
|  55|0x0000000706e00000, 0x0000000707000000, 0x0000000707000000|100%| O|Cm|TAMS 0x0000000706e00000| PB 0x0000000706e00000| Complete 
|  56|0x0000000707000000, 0x0000000707200000, 0x0000000707200000|100%| O|  |TAMS 0x0000000707000000| PB 0x0000000707000000| Untracked 
|  57|0x0000000707200000, 0x0000000707400000, 0x0000000707400000|100%| O|Cm|TAMS 0x0000000707200000| PB 0x0000000707200000| Complete 
|  58|0x0000000707400000, 0x0000000707600000, 0x0000000707600000|100%| O|  |TAMS 0x0000000707400000| PB 0x0000000707400000| Untracked 
|  59|0x0000000707600000, 0x0000000707800000, 0x0000000707800000|100%| O|  |TAMS 0x0000000707600000| PB 0x0000000707600000| Untracked 
|  60|0x0000000707800000, 0x0000000707a00000, 0x0000000707a00000|100%| O|  |TAMS 0x0000000707800000| PB 0x0000000707800000| Untracked 
|  61|0x0000000707a00000, 0x0000000707c00000, 0x0000000707c00000|100%| O|  |TAMS 0x0000000707a00000| PB 0x0000000707a00000| Untracked 
|  62|0x0000000707c00000, 0x0000000707e00000, 0x0000000707e00000|100%| O|  |TAMS 0x0000000707c00000| PB 0x0000000707c00000| Untracked 
|  63|0x0000000707e00000, 0x0000000708000000, 0x0000000708000000|100%| O|Cm|TAMS 0x0000000707e00000| PB 0x0000000707e00000| Complete 
|  64|0x0000000708000000, 0x0000000708200000, 0x0000000708200000|100%| O|  |TAMS 0x0000000708000000| PB 0x0000000708000000| Untracked 
|  65|0x0000000708200000, 0x0000000708400000, 0x0000000708400000|100%| O|  |TAMS 0x0000000708200000| PB 0x0000000708200000| Untracked 
|  66|0x0000000708400000, 0x0000000708600000, 0x0000000708600000|100%| O|  |TAMS 0x0000000708400000| PB 0x0000000708400000| Untracked 
|  67|0x0000000708600000, 0x0000000708800000, 0x0000000708800000|100%| O|Cm|TAMS 0x0000000708600000| PB 0x0000000708600000| Complete 
|  68|0x0000000708800000, 0x0000000708a00000, 0x0000000708a00000|100%| O|  |TAMS 0x0000000708800000| PB 0x0000000708800000| Untracked 
|  69|0x0000000708a00000, 0x0000000708c00000, 0x0000000708c00000|100%|HS|  |TAMS 0x0000000708a00000| PB 0x0000000708a00000| Complete 
|  70|0x0000000708c00000, 0x0000000708e00000, 0x0000000708e00000|100%|HC|  |TAMS 0x0000000708c00000| PB 0x0000000708c00000| Complete 
|  71|0x0000000708e00000, 0x0000000709000000, 0x0000000709000000|100%| O|  |TAMS 0x0000000708e00000| PB 0x0000000708e00000| Untracked 
|  72|0x0000000709000000, 0x0000000709200000, 0x0000000709200000|100%| O|  |TAMS 0x0000000709000000| PB 0x0000000709000000| Untracked 
|  73|0x0000000709200000, 0x0000000709400000, 0x0000000709400000|100%| O|Cm|TAMS 0x0000000709200000| PB 0x0000000709200000| Complete 
|  74|0x0000000709400000, 0x0000000709600000, 0x0000000709600000|100%| O|  |TAMS 0x0000000709400000| PB 0x0000000709400000| Untracked 
|  75|0x0000000709600000, 0x0000000709800000, 0x0000000709800000|100%| O|Cm|TAMS 0x0000000709600000| PB 0x0000000709600000| Complete 
|  76|0x0000000709800000, 0x0000000709a00000, 0x0000000709a00000|100%| O|  |TAMS 0x0000000709800000| PB 0x0000000709800000| Untracked 
|  77|0x0000000709a00000, 0x0000000709c00000, 0x0000000709c00000|100%| O|  |TAMS 0x0000000709a00000| PB 0x0000000709a00000| Untracked 
|  78|0x0000000709c00000, 0x0000000709e00000, 0x0000000709e00000|100%| O|  |TAMS 0x0000000709c00000| PB 0x0000000709c00000| Untracked 
|  79|0x0000000709e00000, 0x000000070a000000, 0x000000070a000000|100%| O|  |TAMS 0x0000000709e00000| PB 0x0000000709e00000| Untracked 
|  80|0x000000070a000000, 0x000000070a200000, 0x000000070a200000|100%| O|  |TAMS 0x000000070a000000| PB 0x000000070a000000| Untracked 
|  81|0x000000070a200000, 0x000000070a400000, 0x000000070a400000|100%| O|  |TAMS 0x000000070a200000| PB 0x000000070a200000| Untracked 
|  82|0x000000070a400000, 0x000000070a600000, 0x000000070a600000|100%| O|  |TAMS 0x000000070a400000| PB 0x000000070a400000| Untracked 
|  83|0x000000070a600000, 0x000000070a800000, 0x000000070a800000|100%| O|  |TAMS 0x000000070a600000| PB 0x000000070a600000| Untracked 
|  84|0x000000070a800000, 0x000000070aa00000, 0x000000070aa00000|100%| O|  |TAMS 0x000000070a800000| PB 0x000000070a800000| Untracked 
|  85|0x000000070aa00000, 0x000000070ac00000, 0x000000070ac00000|100%| O|  |TAMS 0x000000070aa00000| PB 0x000000070aa00000| Untracked 
|  86|0x000000070ac00000, 0x000000070ae00000, 0x000000070ae00000|100%| O|  |TAMS 0x000000070ac00000| PB 0x000000070ac00000| Untracked 
|  87|0x000000070ae00000, 0x000000070b000000, 0x000000070b000000|100%| O|  |TAMS 0x000000070ae00000| PB 0x000000070ae00000| Untracked 
|  88|0x000000070b000000, 0x000000070b200000, 0x000000070b200000|100%| O|Cm|TAMS 0x000000070b000000| PB 0x000000070b000000| Complete 
|  89|0x000000070b200000, 0x000000070b400000, 0x000000070b400000|100%| O|  |TAMS 0x000000070b200000| PB 0x000000070b200000| Untracked 
|  90|0x000000070b400000, 0x000000070b600000, 0x000000070b600000|100%| O|  |TAMS 0x000000070b400000| PB 0x000000070b400000| Untracked 
|  91|0x000000070b600000, 0x000000070b800000, 0x000000070b800000|100%| O|  |TAMS 0x000000070b600000| PB 0x000000070b600000| Untracked 
|  92|0x000000070b800000, 0x000000070ba00000, 0x000000070ba00000|100%| O|Cm|TAMS 0x000000070b800000| PB 0x000000070b800000| Complete 
|  93|0x000000070ba00000, 0x000000070bc00000, 0x000000070bc00000|100%| O|  |TAMS 0x000000070ba00000| PB 0x000000070ba00000| Untracked 
|  94|0x000000070bc00000, 0x000000070be00000, 0x000000070be00000|100%| O|Cm|TAMS 0x000000070bc00000| PB 0x000000070bc00000| Complete 
|  95|0x000000070be00000, 0x000000070c000000, 0x000000070c000000|100%| O|Cm|TAMS 0x000000070be00000| PB 0x000000070be00000| Complete 
|  96|0x000000070c000000, 0x000000070c200000, 0x000000070c200000|100%| O|  |TAMS 0x000000070c000000| PB 0x000000070c000000| Untracked 
|  97|0x000000070c200000, 0x000000070c400000, 0x000000070c400000|100%| O|  |TAMS 0x000000070c200000| PB 0x000000070c200000| Untracked 
|  98|0x000000070c400000, 0x000000070c600000, 0x000000070c600000|100%| O|  |TAMS 0x000000070c400000| PB 0x000000070c400000| Untracked 
|  99|0x000000070c600000, 0x000000070c800000, 0x000000070c800000|100%| O|  |TAMS 0x000000070c600000| PB 0x000000070c600000| Untracked 
| 100|0x000000070c800000, 0x000000070ca00000, 0x000000070ca00000|100%| O|Cm|TAMS 0x000000070c800000| PB 0x000000070c800000| Complete 
| 101|0x000000070ca00000, 0x000000070cc00000, 0x000000070cc00000|100%| O|  |TAMS 0x000000070ca00000| PB 0x000000070ca00000| Untracked 
| 102|0x000000070cc00000, 0x000000070ce00000, 0x000000070ce00000|100%| O|Cm|TAMS 0x000000070cc00000| PB 0x000000070cc00000| Complete 
| 103|0x000000070ce00000, 0x000000070d000000, 0x000000070d000000|100%| O|Cm|TAMS 0x000000070ce00000| PB 0x000000070ce00000| Complete 
| 104|0x000000070d000000, 0x000000070d200000, 0x000000070d200000|100%|HS|  |TAMS 0x000000070d000000| PB 0x000000070d000000| Complete 
| 105|0x000000070d200000, 0x000000070d400000, 0x000000070d400000|100%| O|Cm|TAMS 0x000000070d200000| PB 0x000000070d200000| Complete 
| 106|0x000000070d400000, 0x000000070d600000, 0x000000070d600000|100%| O|Cm|TAMS 0x000000070d400000| PB 0x000000070d400000| Complete 
| 107|0x000000070d600000, 0x000000070d800000, 0x000000070d800000|100%| O|Cm|TAMS 0x000000070d600000| PB 0x000000070d600000| Complete 
| 108|0x000000070d800000, 0x000000070da00000, 0x000000070da00000|100%| O|Cm|TAMS 0x000000070d800000| PB 0x000000070d800000| Complete 
| 109|0x000000070da00000, 0x000000070dc00000, 0x000000070dc00000|100%| O|  |TAMS 0x000000070da00000| PB 0x000000070da00000| Untracked 
| 110|0x000000070dc00000, 0x000000070de00000, 0x000000070de00000|100%| O|  |TAMS 0x000000070dc00000| PB 0x000000070dc00000| Untracked 
| 111|0x000000070de00000, 0x000000070e000000, 0x000000070e000000|100%| O|Cm|TAMS 0x000000070de00000| PB 0x000000070de00000| Complete 
| 112|0x000000070e000000, 0x000000070e200000, 0x000000070e200000|100%| O|Cm|TAMS 0x000000070e000000| PB 0x000000070e000000| Complete 
| 113|0x000000070e200000, 0x000000070e400000, 0x000000070e400000|100%| O|  |TAMS 0x000000070e200000| PB 0x000000070e200000| Untracked 
| 114|0x000000070e400000, 0x000000070e600000, 0x000000070e600000|100%| O|  |TAMS 0x000000070e400000| PB 0x000000070e400000| Untracked 
| 115|0x000000070e600000, 0x000000070e800000, 0x000000070e800000|100%| O|Cm|TAMS 0x000000070e600000| PB 0x000000070e600000| Complete 
| 116|0x000000070e800000, 0x000000070ea00000, 0x000000070ea00000|100%| O|Cm|TAMS 0x000000070e800000| PB 0x000000070e800000| Complete 
| 117|0x000000070ea00000, 0x000000070ec00000, 0x000000070ec00000|100%| O|  |TAMS 0x000000070ea00000| PB 0x000000070ea00000| Untracked 
| 118|0x000000070ec00000, 0x000000070ee00000, 0x000000070ee00000|100%| O|  |TAMS 0x000000070ec00000| PB 0x000000070ec00000| Untracked 
| 119|0x000000070ee00000, 0x000000070f000000, 0x000000070f000000|100%| O|Cm|TAMS 0x000000070ee00000| PB 0x000000070ee00000| Complete 
| 120|0x000000070f000000, 0x000000070f200000, 0x000000070f200000|100%| O|Cm|TAMS 0x000000070f000000| PB 0x000000070f000000| Complete 
| 121|0x000000070f200000, 0x000000070f400000, 0x000000070f400000|100%| O|  |TAMS 0x000000070f200000| PB 0x000000070f200000| Untracked 
| 122|0x000000070f400000, 0x000000070f600000, 0x000000070f600000|100%| O|Cm|TAMS 0x000000070f400000| PB 0x000000070f400000| Complete 
| 123|0x000000070f600000, 0x000000070f800000, 0x000000070f800000|100%| O|  |TAMS 0x000000070f600000| PB 0x000000070f600000| Untracked 
| 124|0x000000070f800000, 0x000000070fa00000, 0x000000070fa00000|100%| O|Cm|TAMS 0x000000070f800000| PB 0x000000070f800000| Complete 
| 125|0x000000070fa00000, 0x000000070fc00000, 0x000000070fc00000|100%| O|Cm|TAMS 0x000000070fa00000| PB 0x000000070fa00000| Complete 
| 126|0x000000070fc00000, 0x000000070fe00000, 0x000000070fe00000|100%| O|Cm|TAMS 0x000000070fc00000| PB 0x000000070fc00000| Complete 
| 127|0x000000070fe00000, 0x0000000710000000, 0x0000000710000000|100%| O|Cm|TAMS 0x000000070fe00000| PB 0x000000070fe00000| Complete 
| 128|0x0000000710000000, 0x0000000710200000, 0x0000000710200000|100%| O|Cm|TAMS 0x0000000710000000| PB 0x0000000710000000| Complete 
| 129|0x0000000710200000, 0x0000000710400000, 0x0000000710400000|100%| O|Cm|TAMS 0x0000000710200000| PB 0x0000000710200000| Complete 
| 130|0x0000000710400000, 0x0000000710600000, 0x0000000710600000|100%| O|  |TAMS 0x0000000710400000| PB 0x0000000710400000| Untracked 
| 131|0x0000000710600000, 0x0000000710800000, 0x0000000710800000|100%| O|Cm|TAMS 0x0000000710600000| PB 0x0000000710600000| Complete 
| 132|0x0000000710800000, 0x0000000710a00000, 0x0000000710a00000|100%| O|Cm|TAMS 0x0000000710800000| PB 0x0000000710800000| Complete 
| 133|0x0000000710a00000, 0x0000000710c00000, 0x0000000710c00000|100%| O|Cm|TAMS 0x0000000710a00000| PB 0x0000000710a00000| Complete 
| 134|0x0000000710c00000, 0x0000000710e00000, 0x0000000710e00000|100%| O|Cm|TAMS 0x0000000710c00000| PB 0x0000000710c00000| Complete 
| 135|0x0000000710e00000, 0x0000000711000000, 0x0000000711000000|100%| O|Cm|TAMS 0x0000000710e00000| PB 0x0000000710e00000| Complete 
| 136|0x0000000711000000, 0x0000000711200000, 0x0000000711200000|100%| O|Cm|TAMS 0x0000000711000000| PB 0x0000000711000000| Complete 
| 137|0x0000000711200000, 0x0000000711400000, 0x0000000711400000|100%| O|Cm|TAMS 0x0000000711200000| PB 0x0000000711200000| Complete 
| 138|0x0000000711400000, 0x0000000711600000, 0x0000000711600000|100%| O|Cm|TAMS 0x0000000711400000| PB 0x0000000711400000| Complete 
| 139|0x0000000711600000, 0x0000000711800000, 0x0000000711800000|100%| O|Cm|TAMS 0x0000000711600000| PB 0x0000000711600000| Complete 
| 140|0x0000000711800000, 0x0000000711a00000, 0x0000000711a00000|100%| O|Cm|TAMS 0x0000000711800000| PB 0x0000000711800000| Complete 
| 141|0x0000000711a00000, 0x0000000711c00000, 0x0000000711c00000|100%| O|Cm|TAMS 0x0000000711a00000| PB 0x0000000711a00000| Complete 
| 142|0x0000000711c00000, 0x0000000711e00000, 0x0000000711e00000|100%| O|Cm|TAMS 0x0000000711c00000| PB 0x0000000711c00000| Complete 
| 143|0x0000000711e00000, 0x0000000712000000, 0x0000000712000000|100%| O|Cm|TAMS 0x0000000711e00000| PB 0x0000000711e00000| Complete 
| 144|0x0000000712000000, 0x0000000712200000, 0x0000000712200000|100%| O|Cm|TAMS 0x0000000712000000| PB 0x0000000712000000| Complete 
| 145|0x0000000712200000, 0x0000000712400000, 0x0000000712400000|100%| O|Cm|TAMS 0x0000000712200000| PB 0x0000000712200000| Complete 
| 146|0x0000000712400000, 0x0000000712600000, 0x0000000712600000|100%| O|  |TAMS 0x0000000712400000| PB 0x0000000712400000| Untracked 
| 147|0x0000000712600000, 0x0000000712800000, 0x0000000712800000|100%| O|Cm|TAMS 0x0000000712600000| PB 0x0000000712600000| Complete 
| 148|0x0000000712800000, 0x0000000712a00000, 0x0000000712a00000|100%| O|Cm|TAMS 0x0000000712800000| PB 0x0000000712800000| Complete 
| 149|0x0000000712a00000, 0x0000000712c00000, 0x0000000712c00000|100%| O|Cm|TAMS 0x0000000712a00000| PB 0x0000000712a00000| Complete 
| 150|0x0000000712c00000, 0x0000000712e00000, 0x0000000712e00000|100%| O|  |TAMS 0x0000000712c00000| PB 0x0000000712c00000| Untracked 
| 151|0x0000000712e00000, 0x0000000713000000, 0x0000000713000000|100%| O|Cm|TAMS 0x0000000712e00000| PB 0x0000000712e00000| Complete 
| 152|0x0000000713000000, 0x0000000713200000, 0x0000000713200000|100%| O|  |TAMS 0x0000000713000000| PB 0x0000000713000000| Untracked 
| 153|0x0000000713200000, 0x0000000713400000, 0x0000000713400000|100%| O|Cm|TAMS 0x0000000713200000| PB 0x0000000713200000| Complete 
| 154|0x0000000713400000, 0x0000000713600000, 0x0000000713600000|100%| O|Cm|TAMS 0x0000000713400000| PB 0x0000000713400000| Complete 
| 155|0x0000000713600000, 0x0000000713800000, 0x0000000713800000|100%| O|Cm|TAMS 0x0000000713600000| PB 0x0000000713600000| Complete 
| 156|0x0000000713800000, 0x0000000713a00000, 0x0000000713a00000|100%| O|Cm|TAMS 0x0000000713800000| PB 0x0000000713800000| Complete 
| 157|0x0000000713a00000, 0x0000000713c00000, 0x0000000713c00000|100%| O|Cm|TAMS 0x0000000713a00000| PB 0x0000000713a00000| Complete 
| 158|0x0000000713c00000, 0x0000000713e00000, 0x0000000713e00000|100%| O|  |TAMS 0x0000000713c00000| PB 0x0000000713c00000| Untracked 
| 159|0x0000000713e00000, 0x0000000713f66d40, 0x0000000714000000| 70%| O|Cm|TAMS 0x0000000713e00000| PB 0x0000000713e00000| Complete 
| 160|0x0000000714000000, 0x0000000714200000, 0x0000000714200000|100%| O|  |TAMS 0x0000000714000000| PB 0x0000000714000000| Untracked 
| 161|0x0000000714200000, 0x0000000714400000, 0x0000000714400000|100%| O|Cm|TAMS 0x0000000714200000| PB 0x0000000714200000| Complete 
| 162|0x0000000714400000, 0x0000000714600000, 0x0000000714600000|100%| O|Cm|TAMS 0x0000000714400000| PB 0x0000000714400000| Complete 
| 163|0x0000000714600000, 0x0000000714800000, 0x0000000714800000|100%| O|Cm|TAMS 0x0000000714600000| PB 0x0000000714600000| Complete 
| 164|0x0000000714800000, 0x0000000714a00000, 0x0000000714a00000|100%| O|Cm|TAMS 0x0000000714800000| PB 0x0000000714800000| Complete 
| 165|0x0000000714a00000, 0x0000000714c00000, 0x0000000714c00000|100%| O|Cm|TAMS 0x0000000714a00000| PB 0x0000000714a00000| Complete 
| 166|0x0000000714c00000, 0x0000000714e00000, 0x0000000714e00000|100%| O|Cm|TAMS 0x0000000714c00000| PB 0x0000000714c00000| Complete 
| 167|0x0000000714e00000, 0x0000000715000000, 0x0000000715000000|100%|HS|  |TAMS 0x0000000714e00000| PB 0x0000000714e00000| Complete 
| 168|0x0000000715000000, 0x0000000715200000, 0x0000000715200000|100%|HC|  |TAMS 0x0000000715000000| PB 0x0000000715000000| Complete 
| 169|0x0000000715200000, 0x0000000715400000, 0x0000000715400000|100%|HC|  |TAMS 0x0000000715200000| PB 0x0000000715200000| Complete 
| 170|0x0000000715400000, 0x0000000715600000, 0x0000000715600000|100%| O|  |TAMS 0x0000000715400000| PB 0x0000000715400000| Untracked 
| 171|0x0000000715600000, 0x0000000715800000, 0x0000000715800000|100%| O|  |TAMS 0x0000000715600000| PB 0x0000000715600000| Untracked 
| 172|0x0000000715800000, 0x0000000715a00000, 0x0000000715a00000|100%| O|Cm|TAMS 0x0000000715800000| PB 0x0000000715800000| Complete 
| 173|0x0000000715a00000, 0x0000000715c00000, 0x0000000715c00000|100%| O|  |TAMS 0x0000000715a00000| PB 0x0000000715a00000| Untracked 
| 174|0x0000000715c00000, 0x0000000715e00000, 0x0000000715e00000|100%| O|  |TAMS 0x0000000715c00000| PB 0x0000000715c00000| Untracked 
| 175|0x0000000715e00000, 0x0000000716000000, 0x0000000716000000|100%| O|Cm|TAMS 0x0000000715e00000| PB 0x0000000715e00000| Complete 
| 176|0x0000000716000000, 0x0000000716200000, 0x0000000716200000|100%| O|  |TAMS 0x0000000716000000| PB 0x0000000716000000| Untracked 
| 177|0x0000000716200000, 0x0000000716400000, 0x0000000716400000|100%| O|  |TAMS 0x0000000716200000| PB 0x0000000716200000| Untracked 
| 178|0x0000000716400000, 0x0000000716600000, 0x0000000716600000|100%| O|  |TAMS 0x0000000716400000| PB 0x0000000716400000| Untracked 
| 179|0x0000000716600000, 0x00000007167200a8, 0x0000000716800000| 56%| O|Cm|TAMS 0x0000000716600000| PB 0x0000000716600000| Complete 
| 180|0x0000000716800000, 0x0000000716a00000, 0x0000000716a00000|100%| O|  |TAMS 0x0000000716800000| PB 0x0000000716800000| Untracked 
| 181|0x0000000716a00000, 0x0000000716c00000, 0x0000000716c00000|100%| O|  |TAMS 0x0000000716a00000| PB 0x0000000716a00000| Untracked 
| 182|0x0000000716c00000, 0x0000000716e00000, 0x0000000716e00000|100%| O|  |TAMS 0x0000000716c00000| PB 0x0000000716c00000| Untracked 
| 183|0x0000000716e00000, 0x0000000717000000, 0x0000000717000000|100%| O|  |TAMS 0x0000000716e00000| PB 0x0000000716e00000| Untracked 
| 184|0x0000000717000000, 0x0000000717200000, 0x0000000717200000|100%|HS|  |TAMS 0x0000000717000000| PB 0x0000000717000000| Complete 
| 185|0x0000000717200000, 0x0000000717400000, 0x0000000717400000|100%|HC|  |TAMS 0x0000000717200000| PB 0x0000000717200000| Complete 
| 186|0x0000000717400000, 0x0000000717600000, 0x0000000717600000|100%|HC|  |TAMS 0x0000000717400000| PB 0x0000000717400000| Complete 
| 187|0x0000000717600000, 0x0000000717800000, 0x0000000717800000|100%|HS|  |TAMS 0x0000000717600000| PB 0x0000000717600000| Complete 
| 188|0x0000000717800000, 0x0000000717a00000, 0x0000000717a00000|100%|HC|  |TAMS 0x0000000717800000| PB 0x0000000717800000| Complete 
| 189|0x0000000717a00000, 0x0000000717c00000, 0x0000000717c00000|100%|HC|  |TAMS 0x0000000717a00000| PB 0x0000000717a00000| Complete 
| 190|0x0000000717c00000, 0x0000000717e00000, 0x0000000717e00000|100%| O|  |TAMS 0x0000000717c00000| PB 0x0000000717c00000| Untracked 
| 191|0x0000000717e00000, 0x0000000718000000, 0x0000000718000000|100%| O|  |TAMS 0x0000000717e00000| PB 0x0000000717e00000| Untracked 
| 192|0x0000000718000000, 0x0000000718200000, 0x0000000718200000|100%| O|  |TAMS 0x0000000718000000| PB 0x0000000718000000| Untracked 
| 193|0x0000000718200000, 0x0000000718400000, 0x0000000718400000|100%| O|  |TAMS 0x0000000718200000| PB 0x0000000718200000| Untracked 
| 194|0x0000000718400000, 0x0000000718600000, 0x0000000718600000|100%| O|  |TAMS 0x0000000718400000| PB 0x0000000718400000| Untracked 
| 195|0x0000000718600000, 0x0000000718800000, 0x0000000718800000|100%|HS|  |TAMS 0x0000000718600000| PB 0x0000000718600000| Complete 
| 196|0x0000000718800000, 0x0000000718a00000, 0x0000000718a00000|100%|HC|  |TAMS 0x0000000718800000| PB 0x0000000718800000| Complete 
| 197|0x0000000718a00000, 0x0000000718c00000, 0x0000000718c00000|100%| O|  |TAMS 0x0000000718a00000| PB 0x0000000718a00000| Untracked 
| 198|0x0000000718c00000, 0x0000000718e00000, 0x0000000718e00000|100%| O|  |TAMS 0x0000000718c00000| PB 0x0000000718c00000| Untracked 
| 199|0x0000000718e00000, 0x0000000719000000, 0x0000000719000000|100%| O|  |TAMS 0x0000000718e00000| PB 0x0000000718e00000| Untracked 
| 200|0x0000000719000000, 0x0000000719200000, 0x0000000719200000|100%| O|  |TAMS 0x0000000719000000| PB 0x0000000719000000| Untracked 
| 201|0x0000000719200000, 0x0000000719400000, 0x0000000719400000|100%| O|  |TAMS 0x0000000719200000| PB 0x0000000719200000| Untracked 
| 202|0x0000000719400000, 0x0000000719600000, 0x0000000719600000|100%| O|  |TAMS 0x0000000719400000| PB 0x0000000719400000| Untracked 
| 203|0x0000000719600000, 0x0000000719800000, 0x0000000719800000|100%| O|Cm|TAMS 0x0000000719600000| PB 0x0000000719600000| Complete 
| 204|0x0000000719800000, 0x0000000719a00000, 0x0000000719a00000|100%| O|Cm|TAMS 0x0000000719800000| PB 0x0000000719800000| Complete 
| 205|0x0000000719a00000, 0x0000000719c00000, 0x0000000719c00000|100%| O|  |TAMS 0x0000000719a00000| PB 0x0000000719a00000| Untracked 
| 206|0x0000000719c00000, 0x0000000719e00000, 0x0000000719e00000|100%| O|Cm|TAMS 0x0000000719c00000| PB 0x0000000719c00000| Complete 
| 207|0x0000000719e00000, 0x000000071a000000, 0x000000071a000000|100%| O|  |TAMS 0x0000000719e00000| PB 0x0000000719e00000| Untracked 
| 208|0x000000071a000000, 0x000000071a200000, 0x000000071a200000|100%| O|  |TAMS 0x000000071a000000| PB 0x000000071a000000| Untracked 
| 209|0x000000071a200000, 0x000000071a400000, 0x000000071a400000|100%| O|  |TAMS 0x000000071a200000| PB 0x000000071a200000| Untracked 
| 210|0x000000071a400000, 0x000000071a600000, 0x000000071a600000|100%| O|Cm|TAMS 0x000000071a400000| PB 0x000000071a400000| Complete 
| 211|0x000000071a600000, 0x000000071a800000, 0x000000071a800000|100%| O|  |TAMS 0x000000071a600000| PB 0x000000071a600000| Untracked 
| 212|0x000000071a800000, 0x000000071aa00000, 0x000000071aa00000|100%| O|  |TAMS 0x000000071a800000| PB 0x000000071a800000| Untracked 
| 213|0x000000071aa00000, 0x000000071ac00000, 0x000000071ac00000|100%| O|  |TAMS 0x000000071aa00000| PB 0x000000071aa00000| Untracked 
| 214|0x000000071ac00000, 0x000000071ae00000, 0x000000071ae00000|100%| O|  |TAMS 0x000000071ac00000| PB 0x000000071ac00000| Untracked 
| 215|0x000000071ae00000, 0x000000071b000000, 0x000000071b000000|100%| O|  |TAMS 0x000000071ae00000| PB 0x000000071ae00000| Untracked 
| 216|0x000000071b000000, 0x000000071b200000, 0x000000071b200000|100%| O|  |TAMS 0x000000071b000000| PB 0x000000071b000000| Untracked 
| 217|0x000000071b200000, 0x000000071b400000, 0x000000071b400000|100%| O|  |TAMS 0x000000071b200000| PB 0x000000071b200000| Untracked 
| 218|0x000000071b400000, 0x000000071b600000, 0x000000071b600000|100%| O|  |TAMS 0x000000071b400000| PB 0x000000071b400000| Untracked 
| 219|0x000000071b600000, 0x000000071b800000, 0x000000071b800000|100%| O|  |TAMS 0x000000071b600000| PB 0x000000071b600000| Untracked 
| 220|0x000000071b800000, 0x000000071ba00000, 0x000000071ba00000|100%| O|  |TAMS 0x000000071b800000| PB 0x000000071b800000| Untracked 
| 221|0x000000071ba00000, 0x000000071bc00000, 0x000000071bc00000|100%| O|  |TAMS 0x000000071ba00000| PB 0x000000071ba00000| Untracked 
| 222|0x000000071bc00000, 0x000000071be00000, 0x000000071be00000|100%| O|  |TAMS 0x000000071bc00000| PB 0x000000071bc00000| Untracked 
| 223|0x000000071be00000, 0x000000071c000000, 0x000000071c000000|100%| O|  |TAMS 0x000000071be00000| PB 0x000000071be00000| Untracked 
| 224|0x000000071c000000, 0x000000071c200000, 0x000000071c200000|100%| O|  |TAMS 0x000000071c000000| PB 0x000000071c000000| Untracked 
| 225|0x000000071c200000, 0x000000071c400000, 0x000000071c400000|100%| O|  |TAMS 0x000000071c200000| PB 0x000000071c200000| Untracked 
| 226|0x000000071c400000, 0x000000071c600000, 0x000000071c600000|100%| O|  |TAMS 0x000000071c400000| PB 0x000000071c400000| Untracked 
| 227|0x000000071c600000, 0x000000071c800000, 0x000000071c800000|100%| O|  |TAMS 0x000000071c600000| PB 0x000000071c600000| Untracked 
| 228|0x000000071c800000, 0x000000071ca00000, 0x000000071ca00000|100%| O|  |TAMS 0x000000071c800000| PB 0x000000071c800000| Untracked 
| 229|0x000000071ca00000, 0x000000071cc00000, 0x000000071cc00000|100%| O|  |TAMS 0x000000071ca00000| PB 0x000000071ca00000| Untracked 
| 230|0x000000071cc00000, 0x000000071ce00000, 0x000000071ce00000|100%| O|  |TAMS 0x000000071cc00000| PB 0x000000071cc00000| Untracked 
| 231|0x000000071ce00000, 0x000000071d000000, 0x000000071d000000|100%| O|  |TAMS 0x000000071ce00000| PB 0x000000071ce00000| Untracked 
| 232|0x000000071d000000, 0x000000071d200000, 0x000000071d200000|100%| O|  |TAMS 0x000000071d000000| PB 0x000000071d000000| Untracked 
| 233|0x000000071d200000, 0x000000071d400000, 0x000000071d400000|100%| O|  |TAMS 0x000000071d200000| PB 0x000000071d200000| Untracked 
| 234|0x000000071d400000, 0x000000071d600000, 0x000000071d600000|100%| O|  |TAMS 0x000000071d400000| PB 0x000000071d400000| Untracked 
| 235|0x000000071d600000, 0x000000071d800000, 0x000000071d800000|100%| O|  |TAMS 0x000000071d600000| PB 0x000000071d600000| Untracked 
| 236|0x000000071d800000, 0x000000071da00000, 0x000000071da00000|100%| O|  |TAMS 0x000000071d800000| PB 0x000000071d800000| Untracked 
| 237|0x000000071da00000, 0x000000071dc00000, 0x000000071dc00000|100%| O|  |TAMS 0x000000071da00000| PB 0x000000071da00000| Untracked 
| 238|0x000000071dc00000, 0x000000071de00000, 0x000000071de00000|100%| O|  |TAMS 0x000000071dc00000| PB 0x000000071dc00000| Untracked 
| 239|0x000000071de00000, 0x000000071e000000, 0x000000071e000000|100%| O|  |TAMS 0x000000071de00000| PB 0x000000071de00000| Untracked 
| 240|0x000000071e000000, 0x000000071e200000, 0x000000071e200000|100%| O|  |TAMS 0x000000071e000000| PB 0x000000071e000000| Untracked 
| 241|0x000000071e200000, 0x000000071e400000, 0x000000071e400000|100%| O|  |TAMS 0x000000071e200000| PB 0x000000071e200000| Untracked 
| 242|0x000000071e400000, 0x000000071e600000, 0x000000071e600000|100%| O|  |TAMS 0x000000071e400000| PB 0x000000071e400000| Untracked 
| 243|0x000000071e600000, 0x000000071e800000, 0x000000071e800000|100%| O|  |TAMS 0x000000071e600000| PB 0x000000071e600000| Untracked 
| 244|0x000000071e800000, 0x000000071ea00000, 0x000000071ea00000|100%| O|  |TAMS 0x000000071e800000| PB 0x000000071e800000| Untracked 
| 245|0x000000071ea00000, 0x000000071ec00000, 0x000000071ec00000|100%| O|  |TAMS 0x000000071ea00000| PB 0x000000071ea00000| Untracked 
| 246|0x000000071ec00000, 0x000000071ee00000, 0x000000071ee00000|100%| O|  |TAMS 0x000000071ec00000| PB 0x000000071ec00000| Untracked 
| 247|0x000000071ee00000, 0x000000071f000000, 0x000000071f000000|100%| O|  |TAMS 0x000000071ee00000| PB 0x000000071ee00000| Untracked 
| 248|0x000000071f000000, 0x000000071f200000, 0x000000071f200000|100%| O|  |TAMS 0x000000071f000000| PB 0x000000071f000000| Untracked 
| 249|0x000000071f200000, 0x000000071f400000, 0x000000071f400000|100%| O|  |TAMS 0x000000071f200000| PB 0x000000071f200000| Untracked 
| 250|0x000000071f400000, 0x000000071f600000, 0x000000071f600000|100%| O|  |TAMS 0x000000071f400000| PB 0x000000071f400000| Untracked 
| 251|0x000000071f600000, 0x000000071f800000, 0x000000071f800000|100%| O|  |TAMS 0x000000071f600000| PB 0x000000071f600000| Untracked 
| 252|0x000000071f800000, 0x000000071fa00000, 0x000000071fa00000|100%| O|  |TAMS 0x000000071f800000| PB 0x000000071f800000| Untracked 
| 253|0x000000071fa00000, 0x000000071fc00000, 0x000000071fc00000|100%| O|  |TAMS 0x000000071fa00000| PB 0x000000071fa00000| Untracked 
| 254|0x000000071fc00000, 0x000000071fc00000, 0x000000071fe00000|  0%| F|  |TAMS 0x000000071fc00000| PB 0x000000071fc00000| Untracked 
| 255|0x000000071fe00000, 0x000000071fe00000, 0x0000000720000000|  0%| F|  |TAMS 0x000000071fe00000| PB 0x000000071fe00000| Untracked 
| 256|0x0000000720000000, 0x0000000720000000, 0x0000000720200000|  0%| F|  |TAMS 0x0000000720000000| PB 0x0000000720000000| Untracked 
| 257|0x0000000720200000, 0x0000000720200000, 0x0000000720400000|  0%| F|  |TAMS 0x0000000720200000| PB 0x0000000720200000| Untracked 
| 258|0x0000000720400000, 0x0000000720400000, 0x0000000720600000|  0%| F|  |TAMS 0x0000000720400000| PB 0x0000000720400000| Untracked 
| 259|0x0000000720600000, 0x0000000720600000, 0x0000000720800000|  0%| F|  |TAMS 0x0000000720600000| PB 0x0000000720600000| Untracked 
| 260|0x0000000720800000, 0x0000000720800000, 0x0000000720a00000|  0%| F|  |TAMS 0x0000000720800000| PB 0x0000000720800000| Untracked 
| 261|0x0000000720a00000, 0x0000000720c00000, 0x0000000720c00000|100%| O|  |TAMS 0x0000000720a00000| PB 0x0000000720a00000| Untracked 
| 262|0x0000000720c00000, 0x0000000720e00000, 0x0000000720e00000|100%| O|  |TAMS 0x0000000720c00000| PB 0x0000000720c00000| Untracked 
| 263|0x0000000720e00000, 0x0000000721000000, 0x0000000721000000|100%| O|  |TAMS 0x0000000720e00000| PB 0x0000000720e00000| Untracked 
| 264|0x0000000721000000, 0x0000000721000000, 0x0000000721200000|  0%| F|  |TAMS 0x0000000721000000| PB 0x0000000721000000| Untracked 
| 265|0x0000000721200000, 0x0000000721400000, 0x0000000721400000|100%| O|  |TAMS 0x0000000721200000| PB 0x0000000721200000| Untracked 
| 266|0x0000000721400000, 0x0000000721600000, 0x0000000721600000|100%| O|  |TAMS 0x0000000721400000| PB 0x0000000721400000| Untracked 
| 267|0x0000000721600000, 0x0000000721600000, 0x0000000721800000|  0%| F|  |TAMS 0x0000000721600000| PB 0x0000000721600000| Untracked 
| 268|0x0000000721800000, 0x0000000721a00000, 0x0000000721a00000|100%| O|  |TAMS 0x0000000721800000| PB 0x0000000721800000| Untracked 
| 269|0x0000000721a00000, 0x0000000721a00000, 0x0000000721c00000|  0%| F|  |TAMS 0x0000000721a00000| PB 0x0000000721a00000| Untracked 
| 270|0x0000000721c00000, 0x0000000721e00000, 0x0000000721e00000|100%| O|Cm|TAMS 0x0000000721c00000| PB 0x0000000721c00000| Complete 
| 271|0x0000000721e00000, 0x0000000721e00000, 0x0000000722000000|  0%| F|  |TAMS 0x0000000721e00000| PB 0x0000000721e00000| Untracked 
| 272|0x0000000722000000, 0x0000000722200000, 0x0000000722200000|100%| O|Cm|TAMS 0x0000000722000000| PB 0x0000000722000000| Complete 
| 273|0x0000000722200000, 0x0000000722200000, 0x0000000722400000|  0%| F|  |TAMS 0x0000000722200000| PB 0x0000000722200000| Untracked 
| 274|0x0000000722400000, 0x0000000722400000, 0x0000000722600000|  0%| F|  |TAMS 0x0000000722400000| PB 0x0000000722400000| Untracked 
| 275|0x0000000722600000, 0x0000000722600000, 0x0000000722800000|  0%| F|  |TAMS 0x0000000722600000| PB 0x0000000722600000| Untracked 
| 276|0x0000000722800000, 0x0000000722800000, 0x0000000722a00000|  0%| F|  |TAMS 0x0000000722800000| PB 0x0000000722800000| Untracked 
| 277|0x0000000722a00000, 0x0000000722a00000, 0x0000000722c00000|  0%| F|  |TAMS 0x0000000722a00000| PB 0x0000000722a00000| Untracked 
| 278|0x0000000722c00000, 0x0000000722c00000, 0x0000000722e00000|  0%| F|  |TAMS 0x0000000722c00000| PB 0x0000000722c00000| Untracked 
| 279|0x0000000722e00000, 0x0000000722e00000, 0x0000000723000000|  0%| F|  |TAMS 0x0000000722e00000| PB 0x0000000722e00000| Untracked 
| 280|0x0000000723000000, 0x0000000723000000, 0x0000000723200000|  0%| F|  |TAMS 0x0000000723000000| PB 0x0000000723000000| Untracked 
| 281|0x0000000723200000, 0x0000000723200000, 0x0000000723400000|  0%| F|  |TAMS 0x0000000723200000| PB 0x0000000723200000| Untracked 
| 282|0x0000000723400000, 0x0000000723400000, 0x0000000723600000|  0%| F|  |TAMS 0x0000000723400000| PB 0x0000000723400000| Untracked 
| 283|0x0000000723600000, 0x0000000723600000, 0x0000000723800000|  0%| F|  |TAMS 0x0000000723600000| PB 0x0000000723600000| Untracked 
| 284|0x0000000723800000, 0x0000000723800000, 0x0000000723a00000|  0%| F|  |TAMS 0x0000000723800000| PB 0x0000000723800000| Untracked 
| 285|0x0000000723a00000, 0x0000000723a00000, 0x0000000723c00000|  0%| F|  |TAMS 0x0000000723a00000| PB 0x0000000723a00000| Untracked 
| 286|0x0000000723c00000, 0x0000000723c00000, 0x0000000723e00000|  0%| F|  |TAMS 0x0000000723c00000| PB 0x0000000723c00000| Untracked 
| 287|0x0000000723e00000, 0x0000000723e00000, 0x0000000724000000|  0%| F|  |TAMS 0x0000000723e00000| PB 0x0000000723e00000| Untracked 
| 288|0x0000000724000000, 0x0000000724000000, 0x0000000724200000|  0%| F|  |TAMS 0x0000000724000000| PB 0x0000000724000000| Untracked 
| 289|0x0000000724200000, 0x0000000724200000, 0x0000000724400000|  0%| F|  |TAMS 0x0000000724200000| PB 0x0000000724200000| Untracked 
| 290|0x0000000724400000, 0x0000000724400000, 0x0000000724600000|  0%| F|  |TAMS 0x0000000724400000| PB 0x0000000724400000| Untracked 
| 291|0x0000000724600000, 0x0000000724600000, 0x0000000724800000|  0%| F|  |TAMS 0x0000000724600000| PB 0x0000000724600000| Untracked 
| 292|0x0000000724800000, 0x0000000724800000, 0x0000000724a00000|  0%| F|  |TAMS 0x0000000724800000| PB 0x0000000724800000| Untracked 
| 293|0x0000000724a00000, 0x0000000724a00000, 0x0000000724c00000|  0%| F|  |TAMS 0x0000000724a00000| PB 0x0000000724a00000| Untracked 
| 294|0x0000000724c00000, 0x0000000724c00000, 0x0000000724e00000|  0%| F|  |TAMS 0x0000000724c00000| PB 0x0000000724c00000| Untracked 
| 295|0x0000000724e00000, 0x0000000724e00000, 0x0000000725000000|  0%| F|  |TAMS 0x0000000724e00000| PB 0x0000000724e00000| Untracked 
| 296|0x0000000725000000, 0x0000000725200000, 0x0000000725200000|100%| O|Cm|TAMS 0x0000000725000000| PB 0x0000000725000000| Complete 
| 297|0x0000000725200000, 0x0000000725200000, 0x0000000725400000|  0%| F|  |TAMS 0x0000000725200000| PB 0x0000000725200000| Untracked 
| 298|0x0000000725400000, 0x0000000725400000, 0x0000000725600000|  0%| F|  |TAMS 0x0000000725400000| PB 0x0000000725400000| Untracked 
| 299|0x0000000725600000, 0x0000000725600000, 0x0000000725800000|  0%| F|  |TAMS 0x0000000725600000| PB 0x0000000725600000| Untracked 
| 300|0x0000000725800000, 0x0000000725800000, 0x0000000725a00000|  0%| F|  |TAMS 0x0000000725800000| PB 0x0000000725800000| Untracked 
| 301|0x0000000725a00000, 0x0000000725c00000, 0x0000000725c00000|100%| O|  |TAMS 0x0000000725a00000| PB 0x0000000725a00000| Untracked 
| 302|0x0000000725c00000, 0x0000000725c00000, 0x0000000725e00000|  0%| F|  |TAMS 0x0000000725c00000| PB 0x0000000725c00000| Untracked 
| 303|0x0000000725e00000, 0x0000000726000000, 0x0000000726000000|100%| O|  |TAMS 0x0000000725e00000| PB 0x0000000725e00000| Untracked 
| 304|0x0000000726000000, 0x0000000726000000, 0x0000000726200000|  0%| F|  |TAMS 0x0000000726000000| PB 0x0000000726000000| Untracked 
| 305|0x0000000726200000, 0x0000000726400000, 0x0000000726400000|100%| O|  |TAMS 0x0000000726200000| PB 0x0000000726200000| Untracked 
| 306|0x0000000726400000, 0x0000000726400000, 0x0000000726600000|  0%| F|  |TAMS 0x0000000726400000| PB 0x0000000726400000| Untracked 
| 307|0x0000000726600000, 0x0000000726800000, 0x0000000726800000|100%| O|  |TAMS 0x0000000726600000| PB 0x0000000726600000| Untracked 
| 308|0x0000000726800000, 0x0000000726800000, 0x0000000726a00000|  0%| F|  |TAMS 0x0000000726800000| PB 0x0000000726800000| Untracked 
| 309|0x0000000726a00000, 0x0000000726a00000, 0x0000000726c00000|  0%| F|  |TAMS 0x0000000726a00000| PB 0x0000000726a00000| Untracked 
| 310|0x0000000726c00000, 0x0000000726e00000, 0x0000000726e00000|100%| O|Cm|TAMS 0x0000000726c00000| PB 0x0000000726c00000| Complete 
| 311|0x0000000726e00000, 0x0000000726e00000, 0x0000000727000000|  0%| F|  |TAMS 0x0000000726e00000| PB 0x0000000726e00000| Untracked 
| 312|0x0000000727000000, 0x0000000727200000, 0x0000000727200000|100%| O|Cm|TAMS 0x0000000727000000| PB 0x0000000727000000| Complete 
| 313|0x0000000727200000, 0x0000000727400000, 0x0000000727400000|100%| O|Cm|TAMS 0x0000000727200000| PB 0x0000000727200000| Complete 
| 314|0x0000000727400000, 0x0000000727400000, 0x0000000727600000|  0%| F|  |TAMS 0x0000000727400000| PB 0x0000000727400000| Untracked 
| 315|0x0000000727600000, 0x0000000727800000, 0x0000000727800000|100%| O|Cm|TAMS 0x0000000727600000| PB 0x0000000727600000| Complete 
| 316|0x0000000727800000, 0x0000000727800000, 0x0000000727a00000|  0%| F|  |TAMS 0x0000000727800000| PB 0x0000000727800000| Untracked 
| 317|0x0000000727a00000, 0x0000000727c00000, 0x0000000727c00000|100%| O|Cm|TAMS 0x0000000727a00000| PB 0x0000000727a00000| Complete 
| 318|0x0000000727c00000, 0x0000000727c00000, 0x0000000727e00000|  0%| F|  |TAMS 0x0000000727c00000| PB 0x0000000727c00000| Untracked 
| 319|0x0000000727e00000, 0x0000000727e00000, 0x0000000728000000|  0%| F|  |TAMS 0x0000000727e00000| PB 0x0000000727e00000| Untracked 
| 320|0x0000000728000000, 0x0000000728000000, 0x0000000728200000|  0%| F|  |TAMS 0x0000000728000000| PB 0x0000000728000000| Untracked 
| 321|0x0000000728200000, 0x0000000728200000, 0x0000000728400000|  0%| F|  |TAMS 0x0000000728200000| PB 0x0000000728200000| Untracked 
| 322|0x0000000728400000, 0x0000000728400000, 0x0000000728600000|  0%| F|  |TAMS 0x0000000728400000| PB 0x0000000728400000| Untracked 
| 323|0x0000000728600000, 0x0000000728600000, 0x0000000728800000|  0%| F|  |TAMS 0x0000000728600000| PB 0x0000000728600000| Untracked 
| 324|0x0000000728800000, 0x0000000728800000, 0x0000000728a00000|  0%| F|  |TAMS 0x0000000728800000| PB 0x0000000728800000| Untracked 
| 325|0x0000000728a00000, 0x0000000728a00000, 0x0000000728c00000|  0%| F|  |TAMS 0x0000000728a00000| PB 0x0000000728a00000| Untracked 
| 326|0x0000000728c00000, 0x0000000728c00000, 0x0000000728e00000|  0%| F|  |TAMS 0x0000000728c00000| PB 0x0000000728c00000| Untracked 
| 327|0x0000000728e00000, 0x0000000728e00000, 0x0000000729000000|  0%| F|  |TAMS 0x0000000728e00000| PB 0x0000000728e00000| Untracked 
| 328|0x0000000729000000, 0x0000000729000000, 0x0000000729200000|  0%| F|  |TAMS 0x0000000729000000| PB 0x0000000729000000| Untracked 
| 329|0x0000000729200000, 0x0000000729200000, 0x0000000729400000|  0%| F|  |TAMS 0x0000000729200000| PB 0x0000000729200000| Untracked 
| 330|0x0000000729400000, 0x0000000729400000, 0x0000000729600000|  0%| F|  |TAMS 0x0000000729400000| PB 0x0000000729400000| Untracked 
| 331|0x0000000729600000, 0x0000000729600000, 0x0000000729800000|  0%| F|  |TAMS 0x0000000729600000| PB 0x0000000729600000| Untracked 
| 332|0x0000000729800000, 0x0000000729800000, 0x0000000729a00000|  0%| F|  |TAMS 0x0000000729800000| PB 0x0000000729800000| Untracked 
| 333|0x0000000729a00000, 0x0000000729a00000, 0x0000000729c00000|  0%| F|  |TAMS 0x0000000729a00000| PB 0x0000000729a00000| Untracked 
| 334|0x0000000729c00000, 0x0000000729c00000, 0x0000000729e00000|  0%| F|  |TAMS 0x0000000729c00000| PB 0x0000000729c00000| Untracked 
| 335|0x0000000729e00000, 0x0000000729e00000, 0x000000072a000000|  0%| F|  |TAMS 0x0000000729e00000| PB 0x0000000729e00000| Untracked 
| 336|0x000000072a000000, 0x000000072a000000, 0x000000072a200000|  0%| F|  |TAMS 0x000000072a000000| PB 0x000000072a000000| Untracked 
| 337|0x000000072a200000, 0x000000072a200000, 0x000000072a400000|  0%| F|  |TAMS 0x000000072a200000| PB 0x000000072a200000| Untracked 
| 338|0x000000072a400000, 0x000000072a400000, 0x000000072a600000|  0%| F|  |TAMS 0x000000072a400000| PB 0x000000072a400000| Untracked 
| 339|0x000000072a600000, 0x000000072a600000, 0x000000072a800000|  0%| F|  |TAMS 0x000000072a600000| PB 0x000000072a600000| Untracked 
| 340|0x000000072a800000, 0x000000072aa00000, 0x000000072aa00000|100%| O|  |TAMS 0x000000072a800000| PB 0x000000072a800000| Untracked 
| 341|0x000000072aa00000, 0x000000072aa00000, 0x000000072ac00000|  0%| F|  |TAMS 0x000000072aa00000| PB 0x000000072aa00000| Untracked 
| 342|0x000000072ac00000, 0x000000072ac00000, 0x000000072ae00000|  0%| F|  |TAMS 0x000000072ac00000| PB 0x000000072ac00000| Untracked 
| 343|0x000000072ae00000, 0x000000072ae00000, 0x000000072b000000|  0%| F|  |TAMS 0x000000072ae00000| PB 0x000000072ae00000| Untracked 
| 344|0x000000072b000000, 0x000000072b200000, 0x000000072b200000|100%| O|Cm|TAMS 0x000000072b000000| PB 0x000000072b000000| Complete 
| 345|0x000000072b200000, 0x000000072b400000, 0x000000072b400000|100%| O|Cm|TAMS 0x000000072b200000| PB 0x000000072b200000| Complete 
| 346|0x000000072b400000, 0x000000072b400000, 0x000000072b600000|  0%| F|  |TAMS 0x000000072b400000| PB 0x000000072b400000| Untracked 
| 347|0x000000072b600000, 0x000000072b600000, 0x000000072b800000|  0%| F|  |TAMS 0x000000072b600000| PB 0x000000072b600000| Untracked 
| 348|0x000000072b800000, 0x000000072b800000, 0x000000072ba00000|  0%| F|  |TAMS 0x000000072b800000| PB 0x000000072b800000| Untracked 
| 349|0x000000072ba00000, 0x000000072ba00000, 0x000000072bc00000|  0%| F|  |TAMS 0x000000072ba00000| PB 0x000000072ba00000| Untracked 
| 350|0x000000072bc00000, 0x000000072bc00000, 0x000000072be00000|  0%| F|  |TAMS 0x000000072bc00000| PB 0x000000072bc00000| Untracked 
| 351|0x000000072be00000, 0x000000072be00000, 0x000000072c000000|  0%| F|  |TAMS 0x000000072be00000| PB 0x000000072be00000| Untracked 
| 352|0x000000072c000000, 0x000000072c000000, 0x000000072c200000|  0%| F|  |TAMS 0x000000072c000000| PB 0x000000072c000000| Untracked 
| 353|0x000000072c200000, 0x000000072c400000, 0x000000072c400000|100%| O|Cm|TAMS 0x000000072c200000| PB 0x000000072c200000| Complete 
| 354|0x000000072c400000, 0x000000072c600000, 0x000000072c600000|100%| O|Cm|TAMS 0x000000072c400000| PB 0x000000072c400000| Complete 
| 355|0x000000072c600000, 0x000000072c600000, 0x000000072c800000|  0%| F|  |TAMS 0x000000072c600000| PB 0x000000072c600000| Untracked 
| 356|0x000000072c800000, 0x000000072c800000, 0x000000072ca00000|  0%| F|  |TAMS 0x000000072c800000| PB 0x000000072c800000| Untracked 
| 357|0x000000072ca00000, 0x000000072ca00000, 0x000000072cc00000|  0%| F|  |TAMS 0x000000072ca00000| PB 0x000000072ca00000| Untracked 
| 358|0x000000072cc00000, 0x000000072cc00000, 0x000000072ce00000|  0%| F|  |TAMS 0x000000072cc00000| PB 0x000000072cc00000| Untracked 
| 359|0x000000072ce00000, 0x000000072ce00000, 0x000000072d000000|  0%| F|  |TAMS 0x000000072ce00000| PB 0x000000072ce00000| Untracked 
| 360|0x000000072d000000, 0x000000072d000000, 0x000000072d200000|  0%| F|  |TAMS 0x000000072d000000| PB 0x000000072d000000| Untracked 
| 361|0x000000072d200000, 0x000000072d200000, 0x000000072d400000|  0%| F|  |TAMS 0x000000072d200000| PB 0x000000072d200000| Untracked 
| 362|0x000000072d400000, 0x000000072d400000, 0x000000072d600000|  0%| F|  |TAMS 0x000000072d400000| PB 0x000000072d400000| Untracked 
| 363|0x000000072d600000, 0x000000072d600000, 0x000000072d800000|  0%| F|  |TAMS 0x000000072d600000| PB 0x000000072d600000| Untracked 
| 364|0x000000072d800000, 0x000000072da00000, 0x000000072da00000|100%| O|Cm|TAMS 0x000000072d800000| PB 0x000000072d800000| Complete 
| 365|0x000000072da00000, 0x000000072da00000, 0x000000072dc00000|  0%| F|  |TAMS 0x000000072da00000| PB 0x000000072da00000| Untracked 
| 366|0x000000072dc00000, 0x000000072dc00000, 0x000000072de00000|  0%| F|  |TAMS 0x000000072dc00000| PB 0x000000072dc00000| Untracked 
| 367|0x000000072de00000, 0x000000072de00000, 0x000000072e000000|  0%| F|  |TAMS 0x000000072de00000| PB 0x000000072de00000| Untracked 
| 368|0x000000072e000000, 0x000000072e000000, 0x000000072e200000|  0%| F|  |TAMS 0x000000072e000000| PB 0x000000072e000000| Untracked 
| 369|0x000000072e200000, 0x000000072e200000, 0x000000072e400000|  0%| F|  |TAMS 0x000000072e200000| PB 0x000000072e200000| Untracked 
| 370|0x000000072e400000, 0x000000072e400000, 0x000000072e600000|  0%| F|  |TAMS 0x000000072e400000| PB 0x000000072e400000| Untracked 
| 371|0x000000072e600000, 0x000000072e600000, 0x000000072e800000|  0%| F|  |TAMS 0x000000072e600000| PB 0x000000072e600000| Untracked 
| 372|0x000000072e800000, 0x000000072e800000, 0x000000072ea00000|  0%| F|  |TAMS 0x000000072e800000| PB 0x000000072e800000| Untracked 
| 373|0x000000072ea00000, 0x000000072ea00000, 0x000000072ec00000|  0%| F|  |TAMS 0x000000072ea00000| PB 0x000000072ea00000| Untracked 
| 374|0x000000072ec00000, 0x000000072ec00000, 0x000000072ee00000|  0%| F|  |TAMS 0x000000072ec00000| PB 0x000000072ec00000| Untracked 
| 375|0x000000072ee00000, 0x000000072ee00000, 0x000000072f000000|  0%| F|  |TAMS 0x000000072ee00000| PB 0x000000072ee00000| Untracked 
| 376|0x000000072f000000, 0x000000072f000000, 0x000000072f200000|  0%| F|  |TAMS 0x000000072f000000| PB 0x000000072f000000| Untracked 
| 377|0x000000072f200000, 0x000000072f200000, 0x000000072f400000|  0%| F|  |TAMS 0x000000072f200000| PB 0x000000072f200000| Untracked 
| 378|0x000000072f400000, 0x000000072f400000, 0x000000072f600000|  0%| F|  |TAMS 0x000000072f400000| PB 0x000000072f400000| Untracked 
| 379|0x000000072f600000, 0x000000072f600000, 0x000000072f800000|  0%| F|  |TAMS 0x000000072f600000| PB 0x000000072f600000| Untracked 
| 380|0x000000072f800000, 0x000000072f800000, 0x000000072fa00000|  0%| F|  |TAMS 0x000000072f800000| PB 0x000000072f800000| Untracked 
| 381|0x000000072fa00000, 0x000000072fa00000, 0x000000072fc00000|  0%| F|  |TAMS 0x000000072fa00000| PB 0x000000072fa00000| Untracked 
| 382|0x000000072fc00000, 0x000000072fc00000, 0x000000072fe00000|  0%| F|  |TAMS 0x000000072fc00000| PB 0x000000072fc00000| Untracked 
| 383|0x000000072fe00000, 0x000000072fe00000, 0x0000000730000000|  0%| F|  |TAMS 0x000000072fe00000| PB 0x000000072fe00000| Untracked 
| 384|0x0000000730000000, 0x0000000730000000, 0x0000000730200000|  0%| F|  |TAMS 0x0000000730000000| PB 0x0000000730000000| Untracked 
| 385|0x0000000730200000, 0x0000000730200000, 0x0000000730400000|  0%| F|  |TAMS 0x0000000730200000| PB 0x0000000730200000| Untracked 
| 386|0x0000000730400000, 0x0000000730400000, 0x0000000730600000|  0%| F|  |TAMS 0x0000000730400000| PB 0x0000000730400000| Untracked 
| 387|0x0000000730600000, 0x0000000730600000, 0x0000000730800000|  0%| F|  |TAMS 0x0000000730600000| PB 0x0000000730600000| Untracked 
| 388|0x0000000730800000, 0x0000000730800000, 0x0000000730a00000|  0%| F|  |TAMS 0x0000000730800000| PB 0x0000000730800000| Untracked 
| 389|0x0000000730a00000, 0x0000000730a00000, 0x0000000730c00000|  0%| F|  |TAMS 0x0000000730a00000| PB 0x0000000730a00000| Untracked 
| 390|0x0000000730c00000, 0x0000000730c00000, 0x0000000730e00000|  0%| F|  |TAMS 0x0000000730c00000| PB 0x0000000730c00000| Untracked 
| 391|0x0000000730e00000, 0x0000000730e00000, 0x0000000731000000|  0%| F|  |TAMS 0x0000000730e00000| PB 0x0000000730e00000| Untracked 
| 392|0x0000000731000000, 0x0000000731000000, 0x0000000731200000|  0%| F|  |TAMS 0x0000000731000000| PB 0x0000000731000000| Untracked 
| 393|0x0000000731200000, 0x0000000731200000, 0x0000000731400000|  0%| F|  |TAMS 0x0000000731200000| PB 0x0000000731200000| Untracked 
| 394|0x0000000731400000, 0x0000000731400000, 0x0000000731600000|  0%| F|  |TAMS 0x0000000731400000| PB 0x0000000731400000| Untracked 
| 395|0x0000000731600000, 0x0000000731600000, 0x0000000731800000|  0%| F|  |TAMS 0x0000000731600000| PB 0x0000000731600000| Untracked 
| 396|0x0000000731800000, 0x0000000731800000, 0x0000000731a00000|  0%| F|  |TAMS 0x0000000731800000| PB 0x0000000731800000| Untracked 
| 397|0x0000000731a00000, 0x0000000731a00000, 0x0000000731c00000|  0%| F|  |TAMS 0x0000000731a00000| PB 0x0000000731a00000| Untracked 
| 398|0x0000000731c00000, 0x0000000731c00000, 0x0000000731e00000|  0%| F|  |TAMS 0x0000000731c00000| PB 0x0000000731c00000| Untracked 
| 399|0x0000000731e00000, 0x0000000731e00000, 0x0000000732000000|  0%| F|  |TAMS 0x0000000731e00000| PB 0x0000000731e00000| Untracked 
| 400|0x0000000732000000, 0x0000000732000000, 0x0000000732200000|  0%| F|  |TAMS 0x0000000732000000| PB 0x0000000732000000| Untracked 
| 401|0x0000000732200000, 0x0000000732200000, 0x0000000732400000|  0%| F|  |TAMS 0x0000000732200000| PB 0x0000000732200000| Untracked 
| 402|0x0000000732400000, 0x0000000732400000, 0x0000000732600000|  0%| F|  |TAMS 0x0000000732400000| PB 0x0000000732400000| Untracked 
| 403|0x0000000732600000, 0x0000000732600000, 0x0000000732800000|  0%| F|  |TAMS 0x0000000732600000| PB 0x0000000732600000| Untracked 
| 404|0x0000000732800000, 0x0000000732800000, 0x0000000732a00000|  0%| F|  |TAMS 0x0000000732800000| PB 0x0000000732800000| Untracked 
| 405|0x0000000732a00000, 0x0000000732a00000, 0x0000000732c00000|  0%| F|  |TAMS 0x0000000732a00000| PB 0x0000000732a00000| Untracked 
| 406|0x0000000732c00000, 0x0000000732c00000, 0x0000000732e00000|  0%| F|  |TAMS 0x0000000732c00000| PB 0x0000000732c00000| Untracked 
| 407|0x0000000732e00000, 0x0000000732e00000, 0x0000000733000000|  0%| F|  |TAMS 0x0000000732e00000| PB 0x0000000732e00000| Untracked 
| 408|0x0000000733000000, 0x0000000733000000, 0x0000000733200000|  0%| F|  |TAMS 0x0000000733000000| PB 0x0000000733000000| Untracked 
| 409|0x0000000733200000, 0x0000000733200000, 0x0000000733400000|  0%| F|  |TAMS 0x0000000733200000| PB 0x0000000733200000| Untracked 
| 410|0x0000000733400000, 0x0000000733400000, 0x0000000733600000|  0%| F|  |TAMS 0x0000000733400000| PB 0x0000000733400000| Untracked 
| 411|0x0000000733600000, 0x0000000733600000, 0x0000000733800000|  0%| F|  |TAMS 0x0000000733600000| PB 0x0000000733600000| Untracked 
| 412|0x0000000733800000, 0x0000000733800000, 0x0000000733a00000|  0%| F|  |TAMS 0x0000000733800000| PB 0x0000000733800000| Untracked 
| 413|0x0000000733a00000, 0x0000000733a00000, 0x0000000733c00000|  0%| F|  |TAMS 0x0000000733a00000| PB 0x0000000733a00000| Untracked 
| 414|0x0000000733c00000, 0x0000000733c00000, 0x0000000733e00000|  0%| F|  |TAMS 0x0000000733c00000| PB 0x0000000733c00000| Untracked 
| 415|0x0000000733e00000, 0x0000000734000000, 0x0000000734000000|100%| O|Cm|TAMS 0x0000000733e00000| PB 0x0000000733e00000| Complete 
| 416|0x0000000734000000, 0x0000000734000000, 0x0000000734200000|  0%| F|  |TAMS 0x0000000734000000| PB 0x0000000734000000| Untracked 
| 417|0x0000000734200000, 0x0000000734200000, 0x0000000734400000|  0%| F|  |TAMS 0x0000000734200000| PB 0x0000000734200000| Untracked 
| 418|0x0000000734400000, 0x0000000734400000, 0x0000000734600000|  0%| F|  |TAMS 0x0000000734400000| PB 0x0000000734400000| Untracked 
| 419|0x0000000734600000, 0x0000000734600000, 0x0000000734800000|  0%| F|  |TAMS 0x0000000734600000| PB 0x0000000734600000| Untracked 
| 420|0x0000000734800000, 0x0000000734800000, 0x0000000734a00000|  0%| F|  |TAMS 0x0000000734800000| PB 0x0000000734800000| Untracked 
| 421|0x0000000734a00000, 0x0000000734a00000, 0x0000000734c00000|  0%| F|  |TAMS 0x0000000734a00000| PB 0x0000000734a00000| Untracked 
| 422|0x0000000734c00000, 0x0000000734c00000, 0x0000000734e00000|  0%| F|  |TAMS 0x0000000734c00000| PB 0x0000000734c00000| Untracked 
| 423|0x0000000734e00000, 0x0000000734e00000, 0x0000000735000000|  0%| F|  |TAMS 0x0000000734e00000| PB 0x0000000734e00000| Untracked 
| 424|0x0000000735000000, 0x0000000735000000, 0x0000000735200000|  0%| F|  |TAMS 0x0000000735000000| PB 0x0000000735000000| Untracked 
| 425|0x0000000735200000, 0x0000000735200000, 0x0000000735400000|  0%| F|  |TAMS 0x0000000735200000| PB 0x0000000735200000| Untracked 
| 426|0x0000000735400000, 0x0000000735400000, 0x0000000735600000|  0%| F|  |TAMS 0x0000000735400000| PB 0x0000000735400000| Untracked 
| 427|0x0000000735600000, 0x0000000735600000, 0x0000000735800000|  0%| F|  |TAMS 0x0000000735600000| PB 0x0000000735600000| Untracked 
| 428|0x0000000735800000, 0x0000000735800000, 0x0000000735a00000|  0%| F|  |TAMS 0x0000000735800000| PB 0x0000000735800000| Untracked 
| 429|0x0000000735a00000, 0x0000000735a00000, 0x0000000735c00000|  0%| F|  |TAMS 0x0000000735a00000| PB 0x0000000735a00000| Untracked 
| 430|0x0000000735c00000, 0x0000000735c00000, 0x0000000735e00000|  0%| F|  |TAMS 0x0000000735c00000| PB 0x0000000735c00000| Untracked 
| 431|0x0000000735e00000, 0x0000000735e00000, 0x0000000736000000|  0%| F|  |TAMS 0x0000000735e00000| PB 0x0000000735e00000| Untracked 
| 432|0x0000000736000000, 0x0000000736000000, 0x0000000736200000|  0%| F|  |TAMS 0x0000000736000000| PB 0x0000000736000000| Untracked 
| 433|0x0000000736200000, 0x0000000736200000, 0x0000000736400000|  0%| F|  |TAMS 0x0000000736200000| PB 0x0000000736200000| Untracked 
| 434|0x0000000736400000, 0x0000000736400000, 0x0000000736600000|  0%| F|  |TAMS 0x0000000736400000| PB 0x0000000736400000| Untracked 
| 435|0x0000000736600000, 0x0000000736600000, 0x0000000736800000|  0%| F|  |TAMS 0x0000000736600000| PB 0x0000000736600000| Untracked 
| 436|0x0000000736800000, 0x0000000736800000, 0x0000000736a00000|  0%| F|  |TAMS 0x0000000736800000| PB 0x0000000736800000| Untracked 
| 437|0x0000000736a00000, 0x0000000736a00000, 0x0000000736c00000|  0%| F|  |TAMS 0x0000000736a00000| PB 0x0000000736a00000| Untracked 
| 438|0x0000000736c00000, 0x0000000736c00000, 0x0000000736e00000|  0%| F|  |TAMS 0x0000000736c00000| PB 0x0000000736c00000| Untracked 
| 439|0x0000000736e00000, 0x0000000736e00000, 0x0000000737000000|  0%| F|  |TAMS 0x0000000736e00000| PB 0x0000000736e00000| Untracked 
| 440|0x0000000737000000, 0x0000000737000000, 0x0000000737200000|  0%| F|  |TAMS 0x0000000737000000| PB 0x0000000737000000| Untracked 
| 441|0x0000000737200000, 0x0000000737200000, 0x0000000737400000|  0%| F|  |TAMS 0x0000000737200000| PB 0x0000000737200000| Untracked 
| 442|0x0000000737400000, 0x0000000737400000, 0x0000000737600000|  0%| F|  |TAMS 0x0000000737400000| PB 0x0000000737400000| Untracked 
| 443|0x0000000737600000, 0x0000000737600000, 0x0000000737800000|  0%| F|  |TAMS 0x0000000737600000| PB 0x0000000737600000| Untracked 
| 444|0x0000000737800000, 0x0000000737800000, 0x0000000737a00000|  0%| F|  |TAMS 0x0000000737800000| PB 0x0000000737800000| Untracked 
| 445|0x0000000737a00000, 0x0000000737a00000, 0x0000000737c00000|  0%| F|  |TAMS 0x0000000737a00000| PB 0x0000000737a00000| Untracked 
| 446|0x0000000737c00000, 0x0000000737c00000, 0x0000000737e00000|  0%| F|  |TAMS 0x0000000737c00000| PB 0x0000000737c00000| Untracked 
| 447|0x0000000737e00000, 0x0000000737e00000, 0x0000000738000000|  0%| F|  |TAMS 0x0000000737e00000| PB 0x0000000737e00000| Untracked 
| 448|0x0000000738000000, 0x0000000738000000, 0x0000000738200000|  0%| F|  |TAMS 0x0000000738000000| PB 0x0000000738000000| Untracked 
| 449|0x0000000738200000, 0x0000000738200000, 0x0000000738400000|  0%| F|  |TAMS 0x0000000738200000| PB 0x0000000738200000| Untracked 
| 450|0x0000000738400000, 0x0000000738400000, 0x0000000738600000|  0%| F|  |TAMS 0x0000000738400000| PB 0x0000000738400000| Untracked 
| 451|0x0000000738600000, 0x0000000738600000, 0x0000000738800000|  0%| F|  |TAMS 0x0000000738600000| PB 0x0000000738600000| Untracked 
| 452|0x0000000738800000, 0x0000000738800000, 0x0000000738a00000|  0%| F|  |TAMS 0x0000000738800000| PB 0x0000000738800000| Untracked 
| 453|0x0000000738a00000, 0x0000000738a00000, 0x0000000738c00000|  0%| F|  |TAMS 0x0000000738a00000| PB 0x0000000738a00000| Untracked 
| 454|0x0000000738c00000, 0x0000000738c00000, 0x0000000738e00000|  0%| F|  |TAMS 0x0000000738c00000| PB 0x0000000738c00000| Untracked 
| 455|0x0000000738e00000, 0x0000000738e00000, 0x0000000739000000|  0%| F|  |TAMS 0x0000000738e00000| PB 0x0000000738e00000| Untracked 
| 456|0x0000000739000000, 0x0000000739000000, 0x0000000739200000|  0%| F|  |TAMS 0x0000000739000000| PB 0x0000000739000000| Untracked 
| 457|0x0000000739200000, 0x0000000739200000, 0x0000000739400000|  0%| F|  |TAMS 0x0000000739200000| PB 0x0000000739200000| Untracked 
| 458|0x0000000739400000, 0x0000000739400000, 0x0000000739600000|  0%| F|  |TAMS 0x0000000739400000| PB 0x0000000739400000| Untracked 
| 459|0x0000000739600000, 0x0000000739600000, 0x0000000739800000|  0%| F|  |TAMS 0x0000000739600000| PB 0x0000000739600000| Untracked 
| 460|0x0000000739800000, 0x0000000739800000, 0x0000000739a00000|  0%| F|  |TAMS 0x0000000739800000| PB 0x0000000739800000| Untracked 
| 461|0x0000000739a00000, 0x0000000739a00000, 0x0000000739c00000|  0%| F|  |TAMS 0x0000000739a00000| PB 0x0000000739a00000| Untracked 
| 462|0x0000000739c00000, 0x0000000739c00000, 0x0000000739e00000|  0%| F|  |TAMS 0x0000000739c00000| PB 0x0000000739c00000| Untracked 
| 463|0x0000000739e00000, 0x0000000739e00000, 0x000000073a000000|  0%| F|  |TAMS 0x0000000739e00000| PB 0x0000000739e00000| Untracked 
| 464|0x000000073a000000, 0x000000073a000000, 0x000000073a200000|  0%| F|  |TAMS 0x000000073a000000| PB 0x000000073a000000| Untracked 
| 465|0x000000073a200000, 0x000000073a200000, 0x000000073a400000|  0%| F|  |TAMS 0x000000073a200000| PB 0x000000073a200000| Untracked 
| 466|0x000000073a400000, 0x000000073a400000, 0x000000073a600000|  0%| F|  |TAMS 0x000000073a400000| PB 0x000000073a400000| Untracked 
| 467|0x000000073a600000, 0x000000073a600000, 0x000000073a800000|  0%| F|  |TAMS 0x000000073a600000| PB 0x000000073a600000| Untracked 
| 468|0x000000073a800000, 0x000000073a800000, 0x000000073aa00000|  0%| F|  |TAMS 0x000000073a800000| PB 0x000000073a800000| Untracked 
| 469|0x000000073aa00000, 0x000000073aa00000, 0x000000073ac00000|  0%| F|  |TAMS 0x000000073aa00000| PB 0x000000073aa00000| Untracked 
| 470|0x000000073ac00000, 0x000000073ac00000, 0x000000073ae00000|  0%| F|  |TAMS 0x000000073ac00000| PB 0x000000073ac00000| Untracked 
| 471|0x000000073ae00000, 0x000000073ae00000, 0x000000073b000000|  0%| F|  |TAMS 0x000000073ae00000| PB 0x000000073ae00000| Untracked 
| 472|0x000000073b000000, 0x000000073b000000, 0x000000073b200000|  0%| F|  |TAMS 0x000000073b000000| PB 0x000000073b000000| Untracked 
| 473|0x000000073b200000, 0x000000073b200000, 0x000000073b400000|  0%| F|  |TAMS 0x000000073b200000| PB 0x000000073b200000| Untracked 
| 474|0x000000073b400000, 0x000000073b400000, 0x000000073b600000|  0%| F|  |TAMS 0x000000073b400000| PB 0x000000073b400000| Untracked 
| 475|0x000000073b600000, 0x000000073b600000, 0x000000073b800000|  0%| F|  |TAMS 0x000000073b600000| PB 0x000000073b600000| Untracked 
| 476|0x000000073b800000, 0x000000073b800000, 0x000000073ba00000|  0%| F|  |TAMS 0x000000073b800000| PB 0x000000073b800000| Untracked 
| 477|0x000000073ba00000, 0x000000073ba00000, 0x000000073bc00000|  0%| F|  |TAMS 0x000000073ba00000| PB 0x000000073ba00000| Untracked 
| 478|0x000000073bc00000, 0x000000073bc00000, 0x000000073be00000|  0%| F|  |TAMS 0x000000073bc00000| PB 0x000000073bc00000| Untracked 
| 479|0x000000073be00000, 0x000000073be00000, 0x000000073c000000|  0%| F|  |TAMS 0x000000073be00000| PB 0x000000073be00000| Untracked 
| 480|0x000000073c000000, 0x000000073c000000, 0x000000073c200000|  0%| F|  |TAMS 0x000000073c000000| PB 0x000000073c000000| Untracked 
| 481|0x000000073c200000, 0x000000073c200000, 0x000000073c400000|  0%| F|  |TAMS 0x000000073c200000| PB 0x000000073c200000| Untracked 
| 482|0x000000073c400000, 0x000000073c400000, 0x000000073c600000|  0%| F|  |TAMS 0x000000073c400000| PB 0x000000073c400000| Untracked 
| 483|0x000000073c600000, 0x000000073c600000, 0x000000073c800000|  0%| F|  |TAMS 0x000000073c600000| PB 0x000000073c600000| Untracked 
| 484|0x000000073c800000, 0x000000073c800000, 0x000000073ca00000|  0%| F|  |TAMS 0x000000073c800000| PB 0x000000073c800000| Untracked 
| 485|0x000000073ca00000, 0x000000073ca00000, 0x000000073cc00000|  0%| F|  |TAMS 0x000000073ca00000| PB 0x000000073ca00000| Untracked 
| 486|0x000000073cc00000, 0x000000073cc00000, 0x000000073ce00000|  0%| F|  |TAMS 0x000000073cc00000| PB 0x000000073cc00000| Untracked 
| 487|0x000000073ce00000, 0x000000073ce00000, 0x000000073d000000|  0%| F|  |TAMS 0x000000073ce00000| PB 0x000000073ce00000| Untracked 
| 488|0x000000073d000000, 0x000000073d000000, 0x000000073d200000|  0%| F|  |TAMS 0x000000073d000000| PB 0x000000073d000000| Untracked 
| 489|0x000000073d200000, 0x000000073d200000, 0x000000073d400000|  0%| F|  |TAMS 0x000000073d200000| PB 0x000000073d200000| Untracked 
| 490|0x000000073d400000, 0x000000073d400000, 0x000000073d600000|  0%| F|  |TAMS 0x000000073d400000| PB 0x000000073d400000| Untracked 
| 491|0x000000073d600000, 0x000000073d600000, 0x000000073d800000|  0%| F|  |TAMS 0x000000073d600000| PB 0x000000073d600000| Untracked 
| 492|0x000000073d800000, 0x000000073d800000, 0x000000073da00000|  0%| F|  |TAMS 0x000000073d800000| PB 0x000000073d800000| Untracked 
| 493|0x000000073da00000, 0x000000073da00000, 0x000000073dc00000|  0%| F|  |TAMS 0x000000073da00000| PB 0x000000073da00000| Untracked 
| 494|0x000000073dc00000, 0x000000073dc00000, 0x000000073de00000|  0%| F|  |TAMS 0x000000073dc00000| PB 0x000000073dc00000| Untracked 
| 495|0x000000073de00000, 0x000000073e000000, 0x000000073e000000|100%| O|Cm|TAMS 0x000000073de00000| PB 0x000000073de00000| Complete 
| 496|0x000000073e000000, 0x000000073e000000, 0x000000073e200000|  0%| F|  |TAMS 0x000000073e000000| PB 0x000000073e000000| Untracked 
| 497|0x000000073e200000, 0x000000073e200000, 0x000000073e400000|  0%| F|  |TAMS 0x000000073e200000| PB 0x000000073e200000| Untracked 
| 498|0x000000073e400000, 0x000000073e400000, 0x000000073e600000|  0%| F|  |TAMS 0x000000073e400000| PB 0x000000073e400000| Untracked 
| 499|0x000000073e600000, 0x000000073e600000, 0x000000073e800000|  0%| F|  |TAMS 0x000000073e600000| PB 0x000000073e600000| Untracked 
| 500|0x000000073e800000, 0x000000073e800000, 0x000000073ea00000|  0%| F|  |TAMS 0x000000073e800000| PB 0x000000073e800000| Untracked 
| 501|0x000000073ea00000, 0x000000073ea00000, 0x000000073ec00000|  0%| F|  |TAMS 0x000000073ea00000| PB 0x000000073ea00000| Untracked 
| 502|0x000000073ec00000, 0x000000073ec00000, 0x000000073ee00000|  0%| F|  |TAMS 0x000000073ec00000| PB 0x000000073ec00000| Untracked 
| 503|0x000000073ee00000, 0x000000073ee00000, 0x000000073f000000|  0%| F|  |TAMS 0x000000073ee00000| PB 0x000000073ee00000| Untracked 
| 504|0x000000073f000000, 0x000000073f000000, 0x000000073f200000|  0%| F|  |TAMS 0x000000073f000000| PB 0x000000073f000000| Untracked 
| 505|0x000000073f200000, 0x000000073f200000, 0x000000073f400000|  0%| F|  |TAMS 0x000000073f200000| PB 0x000000073f200000| Untracked 
| 506|0x000000073f400000, 0x000000073f400000, 0x000000073f600000|  0%| F|  |TAMS 0x000000073f400000| PB 0x000000073f400000| Untracked 
| 507|0x000000073f600000, 0x000000073f600000, 0x000000073f800000|  0%| F|  |TAMS 0x000000073f600000| PB 0x000000073f600000| Untracked 
| 508|0x000000073f800000, 0x000000073f800000, 0x000000073fa00000|  0%| F|  |TAMS 0x000000073f800000| PB 0x000000073f800000| Untracked 
| 509|0x000000073fa00000, 0x000000073fa00000, 0x000000073fc00000|  0%| F|  |TAMS 0x000000073fa00000| PB 0x000000073fa00000| Untracked 
| 510|0x000000073fc00000, 0x000000073fc00000, 0x000000073fe00000|  0%| F|  |TAMS 0x000000073fc00000| PB 0x000000073fc00000| Untracked 
| 511|0x000000073fe00000, 0x000000073fe00000, 0x0000000740000000|  0%| F|  |TAMS 0x000000073fe00000| PB 0x000000073fe00000| Untracked 
| 512|0x0000000740000000, 0x0000000740000000, 0x0000000740200000|  0%| F|  |TAMS 0x0000000740000000| PB 0x0000000740000000| Untracked 
| 513|0x0000000740200000, 0x0000000740200000, 0x0000000740400000|  0%| F|  |TAMS 0x0000000740200000| PB 0x0000000740200000| Untracked 
| 514|0x0000000740400000, 0x0000000740400000, 0x0000000740600000|  0%| F|  |TAMS 0x0000000740400000| PB 0x0000000740400000| Untracked 
| 515|0x0000000740600000, 0x0000000740600000, 0x0000000740800000|  0%| F|  |TAMS 0x0000000740600000| PB 0x0000000740600000| Untracked 
| 516|0x0000000740800000, 0x0000000740800000, 0x0000000740a00000|  0%| F|  |TAMS 0x0000000740800000| PB 0x0000000740800000| Untracked 
| 517|0x0000000740a00000, 0x0000000740a00000, 0x0000000740c00000|  0%| F|  |TAMS 0x0000000740a00000| PB 0x0000000740a00000| Untracked 
| 518|0x0000000740c00000, 0x0000000740c00000, 0x0000000740e00000|  0%| F|  |TAMS 0x0000000740c00000| PB 0x0000000740c00000| Untracked 
| 519|0x0000000740e00000, 0x0000000740e00000, 0x0000000741000000|  0%| F|  |TAMS 0x0000000740e00000| PB 0x0000000740e00000| Untracked 
| 520|0x0000000741000000, 0x0000000741000000, 0x0000000741200000|  0%| F|  |TAMS 0x0000000741000000| PB 0x0000000741000000| Untracked 
| 521|0x0000000741200000, 0x0000000741200000, 0x0000000741400000|  0%| F|  |TAMS 0x0000000741200000| PB 0x0000000741200000| Untracked 
| 522|0x0000000741400000, 0x0000000741400000, 0x0000000741600000|  0%| F|  |TAMS 0x0000000741400000| PB 0x0000000741400000| Untracked 
| 523|0x0000000741600000, 0x0000000741600000, 0x0000000741800000|  0%| F|  |TAMS 0x0000000741600000| PB 0x0000000741600000| Untracked 
| 524|0x0000000741800000, 0x0000000741800000, 0x0000000741a00000|  0%| F|  |TAMS 0x0000000741800000| PB 0x0000000741800000| Untracked 
| 525|0x0000000741a00000, 0x0000000741a00000, 0x0000000741c00000|  0%| F|  |TAMS 0x0000000741a00000| PB 0x0000000741a00000| Untracked 
| 526|0x0000000741c00000, 0x0000000741c00000, 0x0000000741e00000|  0%| F|  |TAMS 0x0000000741c00000| PB 0x0000000741c00000| Untracked 
| 527|0x0000000741e00000, 0x0000000741e00000, 0x0000000742000000|  0%| F|  |TAMS 0x0000000741e00000| PB 0x0000000741e00000| Untracked 
| 528|0x0000000742000000, 0x0000000742000000, 0x0000000742200000|  0%| F|  |TAMS 0x0000000742000000| PB 0x0000000742000000| Untracked 
| 529|0x0000000742200000, 0x0000000742200000, 0x0000000742400000|  0%| F|  |TAMS 0x0000000742200000| PB 0x0000000742200000| Untracked 
| 530|0x0000000742400000, 0x0000000742400000, 0x0000000742600000|  0%| F|  |TAMS 0x0000000742400000| PB 0x0000000742400000| Untracked 
| 531|0x0000000742600000, 0x0000000742600000, 0x0000000742800000|  0%| F|  |TAMS 0x0000000742600000| PB 0x0000000742600000| Untracked 
| 532|0x0000000742800000, 0x0000000742800000, 0x0000000742a00000|  0%| F|  |TAMS 0x0000000742800000| PB 0x0000000742800000| Untracked 
| 533|0x0000000742a00000, 0x0000000742a00000, 0x0000000742c00000|  0%| F|  |TAMS 0x0000000742a00000| PB 0x0000000742a00000| Untracked 
| 534|0x0000000742c00000, 0x0000000742c00000, 0x0000000742e00000|  0%| F|  |TAMS 0x0000000742c00000| PB 0x0000000742c00000| Untracked 
| 535|0x0000000742e00000, 0x0000000742e00000, 0x0000000743000000|  0%| F|  |TAMS 0x0000000742e00000| PB 0x0000000742e00000| Untracked 
| 536|0x0000000743000000, 0x0000000743000000, 0x0000000743200000|  0%| F|  |TAMS 0x0000000743000000| PB 0x0000000743000000| Untracked 
| 537|0x0000000743200000, 0x0000000743200000, 0x0000000743400000|  0%| F|  |TAMS 0x0000000743200000| PB 0x0000000743200000| Untracked 
| 538|0x0000000743400000, 0x0000000743400000, 0x0000000743600000|  0%| F|  |TAMS 0x0000000743400000| PB 0x0000000743400000| Untracked 
| 539|0x0000000743600000, 0x0000000743600000, 0x0000000743800000|  0%| F|  |TAMS 0x0000000743600000| PB 0x0000000743600000| Untracked 
| 540|0x0000000743800000, 0x0000000743800000, 0x0000000743a00000|  0%| F|  |TAMS 0x0000000743800000| PB 0x0000000743800000| Untracked 
| 541|0x0000000743a00000, 0x0000000743a00000, 0x0000000743c00000|  0%| F|  |TAMS 0x0000000743a00000| PB 0x0000000743a00000| Untracked 
| 542|0x0000000743c00000, 0x0000000743c00000, 0x0000000743e00000|  0%| F|  |TAMS 0x0000000743c00000| PB 0x0000000743c00000| Untracked 
| 543|0x0000000743e00000, 0x0000000743e00000, 0x0000000744000000|  0%| F|  |TAMS 0x0000000743e00000| PB 0x0000000743e00000| Untracked 
| 544|0x0000000744000000, 0x0000000744000000, 0x0000000744200000|  0%| F|  |TAMS 0x0000000744000000| PB 0x0000000744000000| Untracked 
| 545|0x0000000744200000, 0x0000000744200000, 0x0000000744400000|  0%| F|  |TAMS 0x0000000744200000| PB 0x0000000744200000| Untracked 
| 546|0x0000000744400000, 0x0000000744400000, 0x0000000744600000|  0%| F|  |TAMS 0x0000000744400000| PB 0x0000000744400000| Untracked 
| 547|0x0000000744600000, 0x0000000744600000, 0x0000000744800000|  0%| F|  |TAMS 0x0000000744600000| PB 0x0000000744600000| Untracked 
| 548|0x0000000744800000, 0x0000000744800000, 0x0000000744a00000|  0%| F|  |TAMS 0x0000000744800000| PB 0x0000000744800000| Untracked 
| 549|0x0000000744a00000, 0x0000000744a00000, 0x0000000744c00000|  0%| F|  |TAMS 0x0000000744a00000| PB 0x0000000744a00000| Untracked 
| 550|0x0000000744c00000, 0x0000000744c00000, 0x0000000744e00000|  0%| F|  |TAMS 0x0000000744c00000| PB 0x0000000744c00000| Untracked 
| 551|0x0000000744e00000, 0x0000000744e00000, 0x0000000745000000|  0%| F|  |TAMS 0x0000000744e00000| PB 0x0000000744e00000| Untracked 
| 552|0x0000000745000000, 0x0000000745000000, 0x0000000745200000|  0%| F|  |TAMS 0x0000000745000000| PB 0x0000000745000000| Untracked 
| 553|0x0000000745200000, 0x0000000745200000, 0x0000000745400000|  0%| F|  |TAMS 0x0000000745200000| PB 0x0000000745200000| Untracked 
| 554|0x0000000745400000, 0x0000000745400000, 0x0000000745600000|  0%| F|  |TAMS 0x0000000745400000| PB 0x0000000745400000| Untracked 
| 555|0x0000000745600000, 0x0000000745600000, 0x0000000745800000|  0%| F|  |TAMS 0x0000000745600000| PB 0x0000000745600000| Untracked 
| 556|0x0000000745800000, 0x0000000745800000, 0x0000000745a00000|  0%| F|  |TAMS 0x0000000745800000| PB 0x0000000745800000| Untracked 
| 557|0x0000000745a00000, 0x0000000745a00000, 0x0000000745c00000|  0%| F|  |TAMS 0x0000000745a00000| PB 0x0000000745a00000| Untracked 
| 558|0x0000000745c00000, 0x0000000745c00000, 0x0000000745e00000|  0%| F|  |TAMS 0x0000000745c00000| PB 0x0000000745c00000| Untracked 
| 559|0x0000000745e00000, 0x0000000745e00000, 0x0000000746000000|  0%| F|  |TAMS 0x0000000745e00000| PB 0x0000000745e00000| Untracked 
| 560|0x0000000746000000, 0x0000000746000000, 0x0000000746200000|  0%| F|  |TAMS 0x0000000746000000| PB 0x0000000746000000| Untracked 
| 561|0x0000000746200000, 0x0000000746200000, 0x0000000746400000|  0%| F|  |TAMS 0x0000000746200000| PB 0x0000000746200000| Untracked 
| 562|0x0000000746400000, 0x0000000746400000, 0x0000000746600000|  0%| F|  |TAMS 0x0000000746400000| PB 0x0000000746400000| Untracked 
| 563|0x0000000746600000, 0x0000000746600000, 0x0000000746800000|  0%| F|  |TAMS 0x0000000746600000| PB 0x0000000746600000| Untracked 
| 564|0x0000000746800000, 0x0000000746800000, 0x0000000746a00000|  0%| F|  |TAMS 0x0000000746800000| PB 0x0000000746800000| Untracked 
| 565|0x0000000746a00000, 0x0000000746a00000, 0x0000000746c00000|  0%| F|  |TAMS 0x0000000746a00000| PB 0x0000000746a00000| Untracked 
| 566|0x0000000746c00000, 0x0000000746c00000, 0x0000000746e00000|  0%| F|  |TAMS 0x0000000746c00000| PB 0x0000000746c00000| Untracked 
| 567|0x0000000746e00000, 0x0000000746e00000, 0x0000000747000000|  0%| F|  |TAMS 0x0000000746e00000| PB 0x0000000746e00000| Untracked 
| 568|0x0000000747000000, 0x0000000747000000, 0x0000000747200000|  0%| F|  |TAMS 0x0000000747000000| PB 0x0000000747000000| Untracked 
| 569|0x0000000747200000, 0x0000000747200000, 0x0000000747400000|  0%| F|  |TAMS 0x0000000747200000| PB 0x0000000747200000| Untracked 
| 570|0x0000000747400000, 0x0000000747400000, 0x0000000747600000|  0%| F|  |TAMS 0x0000000747400000| PB 0x0000000747400000| Untracked 
| 571|0x0000000747600000, 0x0000000747600000, 0x0000000747800000|  0%| F|  |TAMS 0x0000000747600000| PB 0x0000000747600000| Untracked 
| 572|0x0000000747800000, 0x0000000747800000, 0x0000000747a00000|  0%| F|  |TAMS 0x0000000747800000| PB 0x0000000747800000| Untracked 
| 573|0x0000000747a00000, 0x0000000747a00000, 0x0000000747c00000|  0%| F|  |TAMS 0x0000000747a00000| PB 0x0000000747a00000| Untracked 
| 574|0x0000000747c00000, 0x0000000747c00000, 0x0000000747e00000|  0%| F|  |TAMS 0x0000000747c00000| PB 0x0000000747c00000| Untracked 
| 575|0x0000000747e00000, 0x0000000747e00000, 0x0000000748000000|  0%| F|  |TAMS 0x0000000747e00000| PB 0x0000000747e00000| Untracked 
| 576|0x0000000748000000, 0x0000000748000000, 0x0000000748200000|  0%| F|  |TAMS 0x0000000748000000| PB 0x0000000748000000| Untracked 
| 577|0x0000000748200000, 0x0000000748200000, 0x0000000748400000|  0%| F|  |TAMS 0x0000000748200000| PB 0x0000000748200000| Untracked 
| 578|0x0000000748400000, 0x0000000748400000, 0x0000000748600000|  0%| F|  |TAMS 0x0000000748400000| PB 0x0000000748400000| Untracked 
| 579|0x0000000748600000, 0x0000000748600000, 0x0000000748800000|  0%| F|  |TAMS 0x0000000748600000| PB 0x0000000748600000| Untracked 
| 580|0x0000000748800000, 0x0000000748800000, 0x0000000748a00000|  0%| F|  |TAMS 0x0000000748800000| PB 0x0000000748800000| Untracked 
| 581|0x0000000748a00000, 0x0000000748a00000, 0x0000000748c00000|  0%| F|  |TAMS 0x0000000748a00000| PB 0x0000000748a00000| Untracked 
| 582|0x0000000748c00000, 0x0000000748c00000, 0x0000000748e00000|  0%| F|  |TAMS 0x0000000748c00000| PB 0x0000000748c00000| Untracked 
| 583|0x0000000748e00000, 0x0000000748e00000, 0x0000000749000000|  0%| F|  |TAMS 0x0000000748e00000| PB 0x0000000748e00000| Untracked 
| 584|0x0000000749000000, 0x0000000749000000, 0x0000000749200000|  0%| F|  |TAMS 0x0000000749000000| PB 0x0000000749000000| Untracked 
| 585|0x0000000749200000, 0x0000000749200000, 0x0000000749400000|  0%| F|  |TAMS 0x0000000749200000| PB 0x0000000749200000| Untracked 
| 586|0x0000000749400000, 0x0000000749400000, 0x0000000749600000|  0%| F|  |TAMS 0x0000000749400000| PB 0x0000000749400000| Untracked 
| 587|0x0000000749600000, 0x0000000749600000, 0x0000000749800000|  0%| F|  |TAMS 0x0000000749600000| PB 0x0000000749600000| Untracked 
| 588|0x0000000749800000, 0x0000000749800000, 0x0000000749a00000|  0%| F|  |TAMS 0x0000000749800000| PB 0x0000000749800000| Untracked 
| 589|0x0000000749a00000, 0x0000000749a00000, 0x0000000749c00000|  0%| F|  |TAMS 0x0000000749a00000| PB 0x0000000749a00000| Untracked 
| 590|0x0000000749c00000, 0x0000000749c00000, 0x0000000749e00000|  0%| F|  |TAMS 0x0000000749c00000| PB 0x0000000749c00000| Untracked 
| 591|0x0000000749e00000, 0x0000000749e00000, 0x000000074a000000|  0%| F|  |TAMS 0x0000000749e00000| PB 0x0000000749e00000| Untracked 
| 592|0x000000074a000000, 0x000000074a000000, 0x000000074a200000|  0%| F|  |TAMS 0x000000074a000000| PB 0x000000074a000000| Untracked 
| 593|0x000000074a200000, 0x000000074a200000, 0x000000074a400000|  0%| F|  |TAMS 0x000000074a200000| PB 0x000000074a200000| Untracked 
| 594|0x000000074a400000, 0x000000074a400000, 0x000000074a600000|  0%| F|  |TAMS 0x000000074a400000| PB 0x000000074a400000| Untracked 
| 595|0x000000074a600000, 0x000000074a600000, 0x000000074a800000|  0%| F|  |TAMS 0x000000074a600000| PB 0x000000074a600000| Untracked 
| 596|0x000000074a800000, 0x000000074a800000, 0x000000074aa00000|  0%| F|  |TAMS 0x000000074a800000| PB 0x000000074a800000| Untracked 
| 597|0x000000074aa00000, 0x000000074aa00000, 0x000000074ac00000|  0%| F|  |TAMS 0x000000074aa00000| PB 0x000000074aa00000| Untracked 
| 598|0x000000074ac00000, 0x000000074ac00000, 0x000000074ae00000|  0%| F|  |TAMS 0x000000074ac00000| PB 0x000000074ac00000| Untracked 
| 599|0x000000074ae00000, 0x000000074ae00000, 0x000000074b000000|  0%| F|  |TAMS 0x000000074ae00000| PB 0x000000074ae00000| Untracked 
| 600|0x000000074b000000, 0x000000074b000000, 0x000000074b200000|  0%| F|  |TAMS 0x000000074b000000| PB 0x000000074b000000| Untracked 
| 601|0x000000074b200000, 0x000000074b200000, 0x000000074b400000|  0%| F|  |TAMS 0x000000074b200000| PB 0x000000074b200000| Untracked 
| 602|0x000000074b400000, 0x000000074b400000, 0x000000074b600000|  0%| F|  |TAMS 0x000000074b400000| PB 0x000000074b400000| Untracked 
| 603|0x000000074b600000, 0x000000074b600000, 0x000000074b800000|  0%| F|  |TAMS 0x000000074b600000| PB 0x000000074b600000| Untracked 
| 604|0x000000074b800000, 0x000000074b800000, 0x000000074ba00000|  0%| F|  |TAMS 0x000000074b800000| PB 0x000000074b800000| Untracked 
| 605|0x000000074ba00000, 0x000000074ba00000, 0x000000074bc00000|  0%| F|  |TAMS 0x000000074ba00000| PB 0x000000074ba00000| Untracked 
| 606|0x000000074bc00000, 0x000000074bc00000, 0x000000074be00000|  0%| F|  |TAMS 0x000000074bc00000| PB 0x000000074bc00000| Untracked 
| 607|0x000000074be00000, 0x000000074be00000, 0x000000074c000000|  0%| F|  |TAMS 0x000000074be00000| PB 0x000000074be00000| Untracked 
| 608|0x000000074c000000, 0x000000074c000000, 0x000000074c200000|  0%| F|  |TAMS 0x000000074c000000| PB 0x000000074c000000| Untracked 
| 609|0x000000074c200000, 0x000000074c200000, 0x000000074c400000|  0%| F|  |TAMS 0x000000074c200000| PB 0x000000074c200000| Untracked 
| 610|0x000000074c400000, 0x000000074c400000, 0x000000074c600000|  0%| F|  |TAMS 0x000000074c400000| PB 0x000000074c400000| Untracked 
| 611|0x000000074c600000, 0x000000074c600000, 0x000000074c800000|  0%| F|  |TAMS 0x000000074c600000| PB 0x000000074c600000| Untracked 
| 612|0x000000074c800000, 0x000000074c800000, 0x000000074ca00000|  0%| F|  |TAMS 0x000000074c800000| PB 0x000000074c800000| Untracked 
| 613|0x000000074ca00000, 0x000000074ca00000, 0x000000074cc00000|  0%| F|  |TAMS 0x000000074ca00000| PB 0x000000074ca00000| Untracked 
| 614|0x000000074cc00000, 0x000000074cc00000, 0x000000074ce00000|  0%| F|  |TAMS 0x000000074cc00000| PB 0x000000074cc00000| Untracked 
| 615|0x000000074ce00000, 0x000000074ce00000, 0x000000074d000000|  0%| F|  |TAMS 0x000000074ce00000| PB 0x000000074ce00000| Untracked 
| 616|0x000000074d000000, 0x000000074d000000, 0x000000074d200000|  0%| F|  |TAMS 0x000000074d000000| PB 0x000000074d000000| Untracked 
| 617|0x000000074d200000, 0x000000074d200000, 0x000000074d400000|  0%| F|  |TAMS 0x000000074d200000| PB 0x000000074d200000| Untracked 
| 618|0x000000074d400000, 0x000000074d400000, 0x000000074d600000|  0%| F|  |TAMS 0x000000074d400000| PB 0x000000074d400000| Untracked 
| 619|0x000000074d600000, 0x000000074d600000, 0x000000074d800000|  0%| F|  |TAMS 0x000000074d600000| PB 0x000000074d600000| Untracked 
| 620|0x000000074d800000, 0x000000074d800000, 0x000000074da00000|  0%| F|  |TAMS 0x000000074d800000| PB 0x000000074d800000| Untracked 
| 621|0x000000074da00000, 0x000000074da00000, 0x000000074dc00000|  0%| F|  |TAMS 0x000000074da00000| PB 0x000000074da00000| Untracked 
| 622|0x000000074dc00000, 0x000000074dc00000, 0x000000074de00000|  0%| F|  |TAMS 0x000000074dc00000| PB 0x000000074dc00000| Untracked 
| 623|0x000000074de00000, 0x000000074de00000, 0x000000074e000000|  0%| F|  |TAMS 0x000000074de00000| PB 0x000000074de00000| Untracked 
| 624|0x000000074e000000, 0x000000074e000000, 0x000000074e200000|  0%| F|  |TAMS 0x000000074e000000| PB 0x000000074e000000| Untracked 
| 625|0x000000074e200000, 0x000000074e200000, 0x000000074e400000|  0%| F|  |TAMS 0x000000074e200000| PB 0x000000074e200000| Untracked 
| 626|0x000000074e400000, 0x000000074e400000, 0x000000074e600000|  0%| F|  |TAMS 0x000000074e400000| PB 0x000000074e400000| Untracked 
| 627|0x000000074e600000, 0x000000074e600000, 0x000000074e800000|  0%| F|  |TAMS 0x000000074e600000| PB 0x000000074e600000| Untracked 
| 628|0x000000074e800000, 0x000000074e800000, 0x000000074ea00000|  0%| F|  |TAMS 0x000000074e800000| PB 0x000000074e800000| Untracked 
| 629|0x000000074ea00000, 0x000000074ea00000, 0x000000074ec00000|  0%| F|  |TAMS 0x000000074ea00000| PB 0x000000074ea00000| Untracked 
| 630|0x000000074ec00000, 0x000000074ec00000, 0x000000074ee00000|  0%| F|  |TAMS 0x000000074ec00000| PB 0x000000074ec00000| Untracked 
| 631|0x000000074ee00000, 0x000000074ee00000, 0x000000074f000000|  0%| F|  |TAMS 0x000000074ee00000| PB 0x000000074ee00000| Untracked 
| 632|0x000000074f000000, 0x000000074f000000, 0x000000074f200000|  0%| F|  |TAMS 0x000000074f000000| PB 0x000000074f000000| Untracked 
| 633|0x000000074f200000, 0x000000074f200000, 0x000000074f400000|  0%| F|  |TAMS 0x000000074f200000| PB 0x000000074f200000| Untracked 
| 634|0x000000074f400000, 0x000000074f400000, 0x000000074f600000|  0%| F|  |TAMS 0x000000074f400000| PB 0x000000074f400000| Untracked 
| 635|0x000000074f600000, 0x000000074f600000, 0x000000074f800000|  0%| F|  |TAMS 0x000000074f600000| PB 0x000000074f600000| Untracked 
| 636|0x000000074f800000, 0x000000074f800000, 0x000000074fa00000|  0%| F|  |TAMS 0x000000074f800000| PB 0x000000074f800000| Untracked 
| 637|0x000000074fa00000, 0x000000074fa00000, 0x000000074fc00000|  0%| F|  |TAMS 0x000000074fa00000| PB 0x000000074fa00000| Untracked 
| 638|0x000000074fc00000, 0x000000074fc00000, 0x000000074fe00000|  0%| F|  |TAMS 0x000000074fc00000| PB 0x000000074fc00000| Untracked 
| 639|0x000000074fe00000, 0x000000074fe00000, 0x0000000750000000|  0%| F|  |TAMS 0x000000074fe00000| PB 0x000000074fe00000| Untracked 
| 640|0x0000000750000000, 0x0000000750000000, 0x0000000750200000|  0%| F|  |TAMS 0x0000000750000000| PB 0x0000000750000000| Untracked 
| 641|0x0000000750200000, 0x0000000750200000, 0x0000000750400000|  0%| F|  |TAMS 0x0000000750200000| PB 0x0000000750200000| Untracked 
| 642|0x0000000750400000, 0x0000000750400000, 0x0000000750600000|  0%| F|  |TAMS 0x0000000750400000| PB 0x0000000750400000| Untracked 
| 643|0x0000000750600000, 0x0000000750600000, 0x0000000750800000|  0%| F|  |TAMS 0x0000000750600000| PB 0x0000000750600000| Untracked 
| 644|0x0000000750800000, 0x0000000750800000, 0x0000000750a00000|  0%| F|  |TAMS 0x0000000750800000| PB 0x0000000750800000| Untracked 
| 645|0x0000000750a00000, 0x0000000750a00000, 0x0000000750c00000|  0%| F|  |TAMS 0x0000000750a00000| PB 0x0000000750a00000| Untracked 
| 646|0x0000000750c00000, 0x0000000750c00000, 0x0000000750e00000|  0%| F|  |TAMS 0x0000000750c00000| PB 0x0000000750c00000| Untracked 
| 647|0x0000000750e00000, 0x0000000750e00000, 0x0000000751000000|  0%| F|  |TAMS 0x0000000750e00000| PB 0x0000000750e00000| Untracked 
| 648|0x0000000751000000, 0x0000000751000000, 0x0000000751200000|  0%| F|  |TAMS 0x0000000751000000| PB 0x0000000751000000| Untracked 
| 649|0x0000000751200000, 0x0000000751200000, 0x0000000751400000|  0%| F|  |TAMS 0x0000000751200000| PB 0x0000000751200000| Untracked 
| 650|0x0000000751400000, 0x0000000751400000, 0x0000000751600000|  0%| F|  |TAMS 0x0000000751400000| PB 0x0000000751400000| Untracked 
| 651|0x0000000751600000, 0x0000000751600000, 0x0000000751800000|  0%| F|  |TAMS 0x0000000751600000| PB 0x0000000751600000| Untracked 
| 652|0x0000000751800000, 0x0000000751800000, 0x0000000751a00000|  0%| F|  |TAMS 0x0000000751800000| PB 0x0000000751800000| Untracked 
| 653|0x0000000751a00000, 0x0000000751a00000, 0x0000000751c00000|  0%| F|  |TAMS 0x0000000751a00000| PB 0x0000000751a00000| Untracked 
| 654|0x0000000751c00000, 0x0000000751c00000, 0x0000000751e00000|  0%| F|  |TAMS 0x0000000751c00000| PB 0x0000000751c00000| Untracked 
| 655|0x0000000751e00000, 0x0000000751e00000, 0x0000000752000000|  0%| F|  |TAMS 0x0000000751e00000| PB 0x0000000751e00000| Untracked 
| 656|0x0000000752000000, 0x0000000752000000, 0x0000000752200000|  0%| F|  |TAMS 0x0000000752000000| PB 0x0000000752000000| Untracked 
| 657|0x0000000752200000, 0x0000000752200000, 0x0000000752400000|  0%| F|  |TAMS 0x0000000752200000| PB 0x0000000752200000| Untracked 
| 658|0x0000000752400000, 0x0000000752400000, 0x0000000752600000|  0%| F|  |TAMS 0x0000000752400000| PB 0x0000000752400000| Untracked 
| 659|0x0000000752600000, 0x0000000752600000, 0x0000000752800000|  0%| F|  |TAMS 0x0000000752600000| PB 0x0000000752600000| Untracked 
| 660|0x0000000752800000, 0x0000000752800000, 0x0000000752a00000|  0%| F|  |TAMS 0x0000000752800000| PB 0x0000000752800000| Untracked 
| 661|0x0000000752a00000, 0x0000000752a00000, 0x0000000752c00000|  0%| F|  |TAMS 0x0000000752a00000| PB 0x0000000752a00000| Untracked 
| 662|0x0000000752c00000, 0x0000000752c00000, 0x0000000752e00000|  0%| F|  |TAMS 0x0000000752c00000| PB 0x0000000752c00000| Untracked 
| 663|0x0000000752e00000, 0x0000000752e00000, 0x0000000753000000|  0%| F|  |TAMS 0x0000000752e00000| PB 0x0000000752e00000| Untracked 
| 664|0x0000000753000000, 0x0000000753000000, 0x0000000753200000|  0%| F|  |TAMS 0x0000000753000000| PB 0x0000000753000000| Untracked 
| 665|0x0000000753200000, 0x0000000753200000, 0x0000000753400000|  0%| F|  |TAMS 0x0000000753200000| PB 0x0000000753200000| Untracked 
| 666|0x0000000753400000, 0x0000000753400000, 0x0000000753600000|  0%| F|  |TAMS 0x0000000753400000| PB 0x0000000753400000| Untracked 
| 667|0x0000000753600000, 0x0000000753600000, 0x0000000753800000|  0%| F|  |TAMS 0x0000000753600000| PB 0x0000000753600000| Untracked 
| 668|0x0000000753800000, 0x0000000753800000, 0x0000000753a00000|  0%| F|  |TAMS 0x0000000753800000| PB 0x0000000753800000| Untracked 
| 669|0x0000000753a00000, 0x0000000753a00000, 0x0000000753c00000|  0%| F|  |TAMS 0x0000000753a00000| PB 0x0000000753a00000| Untracked 
| 670|0x0000000753c00000, 0x0000000753c00000, 0x0000000753e00000|  0%| F|  |TAMS 0x0000000753c00000| PB 0x0000000753c00000| Untracked 
| 671|0x0000000753e00000, 0x0000000753e00000, 0x0000000754000000|  0%| F|  |TAMS 0x0000000753e00000| PB 0x0000000753e00000| Untracked 
| 672|0x0000000754000000, 0x0000000754000000, 0x0000000754200000|  0%| F|  |TAMS 0x0000000754000000| PB 0x0000000754000000| Untracked 
| 673|0x0000000754200000, 0x0000000754200000, 0x0000000754400000|  0%| F|  |TAMS 0x0000000754200000| PB 0x0000000754200000| Untracked 
| 674|0x0000000754400000, 0x0000000754400000, 0x0000000754600000|  0%| F|  |TAMS 0x0000000754400000| PB 0x0000000754400000| Untracked 
| 675|0x0000000754600000, 0x0000000754600000, 0x0000000754800000|  0%| F|  |TAMS 0x0000000754600000| PB 0x0000000754600000| Untracked 
| 676|0x0000000754800000, 0x0000000754800000, 0x0000000754a00000|  0%| F|  |TAMS 0x0000000754800000| PB 0x0000000754800000| Untracked 
| 677|0x0000000754a00000, 0x0000000754a00000, 0x0000000754c00000|  0%| F|  |TAMS 0x0000000754a00000| PB 0x0000000754a00000| Untracked 
| 678|0x0000000754c00000, 0x0000000754c00000, 0x0000000754e00000|  0%| F|  |TAMS 0x0000000754c00000| PB 0x0000000754c00000| Untracked 
| 679|0x0000000754e00000, 0x0000000754e00000, 0x0000000755000000|  0%| F|  |TAMS 0x0000000754e00000| PB 0x0000000754e00000| Untracked 
| 680|0x0000000755000000, 0x0000000755000000, 0x0000000755200000|  0%| F|  |TAMS 0x0000000755000000| PB 0x0000000755000000| Untracked 
| 681|0x0000000755200000, 0x0000000755200000, 0x0000000755400000|  0%| F|  |TAMS 0x0000000755200000| PB 0x0000000755200000| Untracked 
| 682|0x0000000755400000, 0x0000000755400000, 0x0000000755600000|  0%| F|  |TAMS 0x0000000755400000| PB 0x0000000755400000| Untracked 
| 683|0x0000000755600000, 0x0000000755600000, 0x0000000755800000|  0%| F|  |TAMS 0x0000000755600000| PB 0x0000000755600000| Untracked 
| 684|0x0000000755800000, 0x0000000755800000, 0x0000000755a00000|  0%| F|  |TAMS 0x0000000755800000| PB 0x0000000755800000| Untracked 
| 685|0x0000000755a00000, 0x0000000755a00000, 0x0000000755c00000|  0%| F|  |TAMS 0x0000000755a00000| PB 0x0000000755a00000| Untracked 
| 686|0x0000000755c00000, 0x0000000755c00000, 0x0000000755e00000|  0%| F|  |TAMS 0x0000000755c00000| PB 0x0000000755c00000| Untracked 
| 687|0x0000000755e00000, 0x0000000755e00000, 0x0000000756000000|  0%| F|  |TAMS 0x0000000755e00000| PB 0x0000000755e00000| Untracked 
| 688|0x0000000756000000, 0x0000000756000000, 0x0000000756200000|  0%| F|  |TAMS 0x0000000756000000| PB 0x0000000756000000| Untracked 
| 689|0x0000000756200000, 0x0000000756200000, 0x0000000756400000|  0%| F|  |TAMS 0x0000000756200000| PB 0x0000000756200000| Untracked 
| 690|0x0000000756400000, 0x0000000756400000, 0x0000000756600000|  0%| F|  |TAMS 0x0000000756400000| PB 0x0000000756400000| Untracked 
| 691|0x0000000756600000, 0x0000000756600000, 0x0000000756800000|  0%| F|  |TAMS 0x0000000756600000| PB 0x0000000756600000| Untracked 
| 692|0x0000000756800000, 0x0000000756800000, 0x0000000756a00000|  0%| F|  |TAMS 0x0000000756800000| PB 0x0000000756800000| Untracked 
| 693|0x0000000756a00000, 0x0000000756a00000, 0x0000000756c00000|  0%| F|  |TAMS 0x0000000756a00000| PB 0x0000000756a00000| Untracked 
| 694|0x0000000756c00000, 0x0000000756c00000, 0x0000000756e00000|  0%| F|  |TAMS 0x0000000756c00000| PB 0x0000000756c00000| Untracked 
| 695|0x0000000756e00000, 0x0000000756e00000, 0x0000000757000000|  0%| F|  |TAMS 0x0000000756e00000| PB 0x0000000756e00000| Untracked 
| 696|0x0000000757000000, 0x0000000757000000, 0x0000000757200000|  0%| F|  |TAMS 0x0000000757000000| PB 0x0000000757000000| Untracked 
| 697|0x0000000757200000, 0x0000000757200000, 0x0000000757400000|  0%| F|  |TAMS 0x0000000757200000| PB 0x0000000757200000| Untracked 
| 698|0x0000000757400000, 0x0000000757400000, 0x0000000757600000|  0%| F|  |TAMS 0x0000000757400000| PB 0x0000000757400000| Untracked 
| 699|0x0000000757600000, 0x0000000757600000, 0x0000000757800000|  0%| F|  |TAMS 0x0000000757600000| PB 0x0000000757600000| Untracked 
| 700|0x0000000757800000, 0x0000000757800000, 0x0000000757a00000|  0%| F|  |TAMS 0x0000000757800000| PB 0x0000000757800000| Untracked 
| 701|0x0000000757a00000, 0x0000000757a00000, 0x0000000757c00000|  0%| F|  |TAMS 0x0000000757a00000| PB 0x0000000757a00000| Untracked 
| 702|0x0000000757c00000, 0x0000000757c00000, 0x0000000757e00000|  0%| F|  |TAMS 0x0000000757c00000| PB 0x0000000757c00000| Untracked 
| 703|0x0000000757e00000, 0x0000000757e00000, 0x0000000758000000|  0%| F|  |TAMS 0x0000000757e00000| PB 0x0000000757e00000| Untracked 
| 704|0x0000000758000000, 0x0000000758000000, 0x0000000758200000|  0%| F|  |TAMS 0x0000000758000000| PB 0x0000000758000000| Untracked 
| 705|0x0000000758200000, 0x0000000758200000, 0x0000000758400000|  0%| F|  |TAMS 0x0000000758200000| PB 0x0000000758200000| Untracked 
| 706|0x0000000758400000, 0x0000000758400000, 0x0000000758600000|  0%| F|  |TAMS 0x0000000758400000| PB 0x0000000758400000| Untracked 
| 707|0x0000000758600000, 0x0000000758600000, 0x0000000758800000|  0%| F|  |TAMS 0x0000000758600000| PB 0x0000000758600000| Untracked 
| 708|0x0000000758800000, 0x0000000758800000, 0x0000000758a00000|  0%| F|  |TAMS 0x0000000758800000| PB 0x0000000758800000| Untracked 
| 709|0x0000000758a00000, 0x0000000758a00000, 0x0000000758c00000|  0%| F|  |TAMS 0x0000000758a00000| PB 0x0000000758a00000| Untracked 
| 710|0x0000000758c00000, 0x0000000758c00000, 0x0000000758e00000|  0%| F|  |TAMS 0x0000000758c00000| PB 0x0000000758c00000| Untracked 
| 711|0x0000000758e00000, 0x0000000758e00000, 0x0000000759000000|  0%| F|  |TAMS 0x0000000758e00000| PB 0x0000000758e00000| Untracked 
| 712|0x0000000759000000, 0x0000000759000000, 0x0000000759200000|  0%| F|  |TAMS 0x0000000759000000| PB 0x0000000759000000| Untracked 
| 713|0x0000000759200000, 0x0000000759200000, 0x0000000759400000|  0%| F|  |TAMS 0x0000000759200000| PB 0x0000000759200000| Untracked 
| 714|0x0000000759400000, 0x0000000759400000, 0x0000000759600000|  0%| F|  |TAMS 0x0000000759400000| PB 0x0000000759400000| Untracked 
| 715|0x0000000759600000, 0x0000000759600000, 0x0000000759800000|  0%| F|  |TAMS 0x0000000759600000| PB 0x0000000759600000| Untracked 
| 716|0x0000000759800000, 0x0000000759800000, 0x0000000759a00000|  0%| F|  |TAMS 0x0000000759800000| PB 0x0000000759800000| Untracked 
| 717|0x0000000759a00000, 0x0000000759a00000, 0x0000000759c00000|  0%| F|  |TAMS 0x0000000759a00000| PB 0x0000000759a00000| Untracked 
| 718|0x0000000759c00000, 0x0000000759c00000, 0x0000000759e00000|  0%| F|  |TAMS 0x0000000759c00000| PB 0x0000000759c00000| Untracked 
| 719|0x0000000759e00000, 0x0000000759e00000, 0x000000075a000000|  0%| F|  |TAMS 0x0000000759e00000| PB 0x0000000759e00000| Untracked 
| 720|0x000000075a000000, 0x000000075a000000, 0x000000075a200000|  0%| F|  |TAMS 0x000000075a000000| PB 0x000000075a000000| Untracked 
| 721|0x000000075a200000, 0x000000075a200000, 0x000000075a400000|  0%| F|  |TAMS 0x000000075a200000| PB 0x000000075a200000| Untracked 
| 722|0x000000075a400000, 0x000000075a400000, 0x000000075a600000|  0%| F|  |TAMS 0x000000075a400000| PB 0x000000075a400000| Untracked 
| 723|0x000000075a600000, 0x000000075a600000, 0x000000075a800000|  0%| F|  |TAMS 0x000000075a600000| PB 0x000000075a600000| Untracked 
| 724|0x000000075a800000, 0x000000075a800000, 0x000000075aa00000|  0%| F|  |TAMS 0x000000075a800000| PB 0x000000075a800000| Untracked 
| 725|0x000000075aa00000, 0x000000075aa00000, 0x000000075ac00000|  0%| F|  |TAMS 0x000000075aa00000| PB 0x000000075aa00000| Untracked 
| 726|0x000000075ac00000, 0x000000075ac00000, 0x000000075ae00000|  0%| F|  |TAMS 0x000000075ac00000| PB 0x000000075ac00000| Untracked 
| 727|0x000000075ae00000, 0x000000075ae00000, 0x000000075b000000|  0%| F|  |TAMS 0x000000075ae00000| PB 0x000000075ae00000| Untracked 
| 728|0x000000075b000000, 0x000000075b000000, 0x000000075b200000|  0%| F|  |TAMS 0x000000075b000000| PB 0x000000075b000000| Untracked 
| 729|0x000000075b200000, 0x000000075b200000, 0x000000075b400000|  0%| F|  |TAMS 0x000000075b200000| PB 0x000000075b200000| Untracked 
| 730|0x000000075b400000, 0x000000075b600000, 0x000000075b600000|100%| S|CS|TAMS 0x000000075b400000| PB 0x000000075b400000| Complete 
| 731|0x000000075b600000, 0x000000075b800000, 0x000000075b800000|100%| S|CS|TAMS 0x000000075b600000| PB 0x000000075b600000| Complete 
| 732|0x000000075b800000, 0x000000075ba00000, 0x000000075ba00000|100%| S|CS|TAMS 0x000000075b800000| PB 0x000000075b800000| Complete 
| 733|0x000000075ba00000, 0x000000075bc00000, 0x000000075bc00000|100%| S|CS|TAMS 0x000000075ba00000| PB 0x000000075ba00000| Complete 
| 734|0x000000075bc00000, 0x000000075be00000, 0x000000075be00000|100%| S|CS|TAMS 0x000000075bc00000| PB 0x000000075bc00000| Complete 
| 735|0x000000075be00000, 0x000000075be00000, 0x000000075c000000|  0%| F|  |TAMS 0x000000075be00000| PB 0x000000075be00000| Untracked 
| 736|0x000000075c000000, 0x000000075c000000, 0x000000075c200000|  0%| F|  |TAMS 0x000000075c000000| PB 0x000000075c000000| Untracked 
| 737|0x000000075c200000, 0x000000075c200000, 0x000000075c400000|  0%| F|  |TAMS 0x000000075c200000| PB 0x000000075c200000| Untracked 
| 738|0x000000075c400000, 0x000000075c400000, 0x000000075c600000|  0%| F|  |TAMS 0x000000075c400000| PB 0x000000075c400000| Untracked 
| 739|0x000000075c600000, 0x000000075c600000, 0x000000075c800000|  0%| F|  |TAMS 0x000000075c600000| PB 0x000000075c600000| Untracked 
| 740|0x000000075c800000, 0x000000075c800000, 0x000000075ca00000|  0%| F|  |TAMS 0x000000075c800000| PB 0x000000075c800000| Untracked 
| 741|0x000000075ca00000, 0x000000075ca00000, 0x000000075cc00000|  0%| F|  |TAMS 0x000000075ca00000| PB 0x000000075ca00000| Untracked 
| 742|0x000000075cc00000, 0x000000075cc00000, 0x000000075ce00000|  0%| F|  |TAMS 0x000000075cc00000| PB 0x000000075cc00000| Untracked 
| 743|0x000000075ce00000, 0x000000075ce00000, 0x000000075d000000|  0%| F|  |TAMS 0x000000075ce00000| PB 0x000000075ce00000| Untracked 
| 744|0x000000075d000000, 0x000000075d000000, 0x000000075d200000|  0%| F|  |TAMS 0x000000075d000000| PB 0x000000075d000000| Untracked 
| 745|0x000000075d200000, 0x000000075d200000, 0x000000075d400000|  0%| F|  |TAMS 0x000000075d200000| PB 0x000000075d200000| Untracked 
|1957|0x00000007f4a00000, 0x00000007f4a00000, 0x00000007f4c00000|  0%| F|  |TAMS 0x00000007f4a00000| PB 0x00000007f4a00000| Untracked 
|1958|0x00000007f4c00000, 0x00000007f4c00000, 0x00000007f4e00000|  0%| F|  |TAMS 0x00000007f4c00000| PB 0x00000007f4c00000| Untracked 
|1959|0x00000007f4e00000, 0x00000007f4e00000, 0x00000007f5000000|  0%| F|  |TAMS 0x00000007f4e00000| PB 0x00000007f4e00000| Untracked 
|1960|0x00000007f5000000, 0x00000007f5000000, 0x00000007f5200000|  0%| F|  |TAMS 0x00000007f5000000| PB 0x00000007f5000000| Untracked 
|1961|0x00000007f5200000, 0x00000007f5200000, 0x00000007f5400000|  0%| F|  |TAMS 0x00000007f5200000| PB 0x00000007f5200000| Untracked 
|1962|0x00000007f5400000, 0x00000007f5400000, 0x00000007f5600000|  0%| F|  |TAMS 0x00000007f5400000| PB 0x00000007f5400000| Untracked 
|1963|0x00000007f5600000, 0x00000007f5600000, 0x00000007f5800000|  0%| F|  |TAMS 0x00000007f5600000| PB 0x00000007f5600000| Untracked 
|1964|0x00000007f5800000, 0x00000007f5800000, 0x00000007f5a00000|  0%| F|  |TAMS 0x00000007f5800000| PB 0x00000007f5800000| Untracked 
|1965|0x00000007f5a00000, 0x00000007f5a00000, 0x00000007f5c00000|  0%| F|  |TAMS 0x00000007f5a00000| PB 0x00000007f5a00000| Untracked 
|1966|0x00000007f5c00000, 0x00000007f5c00000, 0x00000007f5e00000|  0%| F|  |TAMS 0x00000007f5c00000| PB 0x00000007f5c00000| Untracked 
|1967|0x00000007f5e00000, 0x00000007f5e00000, 0x00000007f6000000|  0%| F|  |TAMS 0x00000007f5e00000| PB 0x00000007f5e00000| Untracked 
|1968|0x00000007f6000000, 0x00000007f6000000, 0x00000007f6200000|  0%| F|  |TAMS 0x00000007f6000000| PB 0x00000007f6000000| Untracked 
|1969|0x00000007f6200000, 0x00000007f6200000, 0x00000007f6400000|  0%| F|  |TAMS 0x00000007f6200000| PB 0x00000007f6200000| Untracked 
|1970|0x00000007f6400000, 0x00000007f6400000, 0x00000007f6600000|  0%| F|  |TAMS 0x00000007f6400000| PB 0x00000007f6400000| Untracked 
|1971|0x00000007f6600000, 0x00000007f6600000, 0x00000007f6800000|  0%| F|  |TAMS 0x00000007f6600000| PB 0x00000007f6600000| Untracked 
|1972|0x00000007f6800000, 0x00000007f6800000, 0x00000007f6a00000|  0%| F|  |TAMS 0x00000007f6800000| PB 0x00000007f6800000| Untracked 
|1973|0x00000007f6a00000, 0x00000007f6a00000, 0x00000007f6c00000|  0%| F|  |TAMS 0x00000007f6a00000| PB 0x00000007f6a00000| Untracked 
|1974|0x00000007f6c00000, 0x00000007f6c00000, 0x00000007f6e00000|  0%| F|  |TAMS 0x00000007f6c00000| PB 0x00000007f6c00000| Untracked 
|2012|0x00000007fb800000, 0x00000007fb800000, 0x00000007fba00000|  0%| F|  |TAMS 0x00000007fb800000| PB 0x00000007fb800000| Untracked 
|2013|0x00000007fba00000, 0x00000007fba00000, 0x00000007fbc00000|  0%| F|  |TAMS 0x00000007fba00000| PB 0x00000007fba00000| Untracked 
|2014|0x00000007fbc00000, 0x00000007fbc00000, 0x00000007fbe00000|  0%| F|  |TAMS 0x00000007fbc00000| PB 0x00000007fbc00000| Untracked 
|2015|0x00000007fbe00000, 0x00000007fbe00000, 0x00000007fc000000|  0%| F|  |TAMS 0x00000007fbe00000| PB 0x00000007fbe00000| Untracked 
|2019|0x00000007fc600000, 0x00000007fc600000, 0x00000007fc800000|  0%| F|  |TAMS 0x00000007fc600000| PB 0x00000007fc600000| Untracked 
|2020|0x00000007fc800000, 0x00000007fc800000, 0x00000007fca00000|  0%| F|  |TAMS 0x00000007fc800000| PB 0x00000007fc800000| Untracked 
|2021|0x00000007fca00000, 0x00000007fca00000, 0x00000007fcc00000|  0%| F|  |TAMS 0x00000007fca00000| PB 0x00000007fca00000| Untracked 
|2034|0x00000007fe400000, 0x00000007fe600000, 0x00000007fe600000|100%| O|  |TAMS 0x00000007fe400000| PB 0x00000007fe400000| Untracked 
|2035|0x00000007fe600000, 0x00000007fe800000, 0x00000007fe800000|100%| O|  |TAMS 0x00000007fe600000| PB 0x00000007fe600000| Untracked 
|2036|0x00000007fe800000, 0x00000007fea00000, 0x00000007fea00000|100%| O|Cm|TAMS 0x00000007fe800000| PB 0x00000007fe800000| Complete 
|2037|0x00000007fea00000, 0x00000007fec00000, 0x00000007fec00000|100%| O|Cm|TAMS 0x00000007fea00000| PB 0x00000007fea00000| Complete 
|2038|0x00000007fec00000, 0x00000007fee00000, 0x00000007fee00000|100%| O|Cm|TAMS 0x00000007fec00000| PB 0x00000007fec00000| Complete 
|2042|0x00000007ff400000, 0x00000007ff600000, 0x00000007ff600000|100%| O|  |TAMS 0x00000007ff400000| PB 0x00000007ff400000| Untracked 
|2045|0x00000007ffa00000, 0x00000007ffa00000, 0x00000007ffc00000|  0%| F|  |TAMS 0x00000007ffa00000| PB 0x00000007ffa00000| Untracked 
|2046|0x00000007ffc00000, 0x00000007ffc00000, 0x00000007ffe00000|  0%| F|  |TAMS 0x00000007ffc00000| PB 0x00000007ffc00000| Untracked 
|2047|0x00000007ffe00000, 0x00000007ffe00000, 0x0000000800000000|  0%| F|  |TAMS 0x00000007ffe00000| PB 0x00000007ffe00000| Untracked 

Card table byte_map: [0x0000027820040000,0x0000027820840000] _byte_map_base: 0x000002781c840000

Marking Bits: (CMBitMap*) 0x0000027805d3a290
 Bits: [0x0000027820840000, 0x0000027824840000)

Polling page: 0x0000027805a30000

Metaspace:

Usage:
  Non-class:    384.03 MB used.
      Class:     50.89 MB used.
       Both:    434.92 MB used.

Virtual space:
  Non-class space:      448.00 MB reserved,     385.25 MB ( 86%) committed,  7 nodes.
      Class space:        1.00 GB reserved,      52.19 MB (  5%) committed,  1 nodes.
             Both:        1.44 GB reserved,     437.44 MB ( 30%) committed. 

Chunk freelists:
   Non-Class:  14.02 MB
       Class:  11.84 MB
        Both:  25.86 MB

MaxMetaspaceSize: unlimited
CompressedClassSpaceSize: 1.00 GB
Initial GC threshold: 21.00 MB
Current GC threshold: 726.06 MB
CDS: on
 - commit_granule_bytes: 65536.
 - commit_granule_words: 8192.
 - virtual_space_node_default_size: 8388608.
 - enlarge_chunks_in_place: 1.
 - use_allocation_guard: 0.


Internal statistics:

num_allocs_failed_limit: 12.
num_arena_births: 8972.
num_arena_deaths: 4448.
num_vsnodes_births: 8.
num_vsnodes_deaths: 0.
num_space_committed: 7013.
num_space_uncommitted: 18.
num_chunks_returned_to_freelist: 5602.
num_chunks_taken_from_freelist: 29504.
num_chunk_merges: 2045.
num_chunk_splits: 19451.
num_chunks_enlarged: 13835.
num_inconsistent_stats: 0.

CodeHeap 'non-profiled nmethods': size=120000Kb used=21323Kb max_used=31872Kb free=98677Kb
 bounds [0x0000027817690000, 0x00000278195b0000, 0x000002781ebc0000]
CodeHeap 'profiled nmethods': size=120000Kb used=58161Kb max_used=105191Kb free=61838Kb
 bounds [0x000002780fbc0000, 0x0000027816290000, 0x00000278170f0000]
CodeHeap 'non-nmethods': size=5760Kb used=3115Kb max_used=3185Kb free=2644Kb
 bounds [0x00000278170f0000, 0x0000027817420000, 0x0000027817690000]
 total_blobs=26186 nmethods=24622 adapters=1463
 compilation: enabled
              stopped_count=0, restarted_count=0
 full_count=0

Compilation events (20 events):
Event: 7033.511 Thread 0x000002782752be30 95619       3       org.jetbrains.kotlin.fir.java.declarations.FirJavaFieldBuilder::setLazyHasConstantInitializer (12 bytes)
Event: 7033.512 Thread 0x000002782752be30 nmethod 95619 0x000002781465d910 code [0x000002781465db40, 0x000002781465e150]
Event: 7033.512 Thread 0x000002782752be30 95625       3       org.jetbrains.kotlin.fir.UtilsKt::toFirResolvedTypeRef (123 bytes)
Event: 7033.513 Thread 0x000002782752be30 nmethod 95625 0x000002781080c490 code [0x000002781080c840, 0x000002781080dce8]
Event: 7033.513 Thread 0x000002782752be30 95626       3       org.jetbrains.kotlin.fir.resolve.ResolutionMode$WithExpectedType::<init> (53 bytes)
Event: 7033.513 Thread 0x000002782752be30 nmethod 95626 0x0000027810f41910 code [0x0000027810f41b60, 0x0000027810f42410]
Event: 7033.513 Thread 0x000002782752be30 95623       3       org.jetbrains.kotlin.resolve.calls.inference.model.NewConstraintSystemImpl::isStubTypeForVariableInSubtyping (18 bytes)
Event: 7033.514 Thread 0x000002782752be30 nmethod 95623 0x0000027814cfde10 code [0x0000027814cfe040, 0x0000027814cfe6d0]
Event: 7033.514 Thread 0x000002782752be30 95627       3       org.jetbrains.kotlin.fir.resolve.dfa.cfg.ControlFlowGraphKt::orderNodes (362 bytes)
Event: 7033.516 Thread 0x000002782752be30 nmethod 95627 0x000002780fd7d390 code [0x000002780fd7d8c0, 0x000002780fd80770]
Event: 7033.516 Thread 0x000002782752be30 95628       3       org.jetbrains.kotlin.resolve.calls.inference.model.NewConstraintSystemImpl::isReified (23 bytes)
Event: 7033.517 Thread 0x000002782752be30 nmethod 95628 0x0000027811a59010 code [0x0000027811a59240, 0x0000027811a59890]
Event: 7033.517 Thread 0x000002782752be30 95629       3       org.jetbrains.kotlin.fir.resolve.inference.ConeConstraintSystemUtilContext::isReified (38 bytes)
Event: 7033.517 Thread 0x000002782752be30 nmethod 95629 0x0000027811207090 code [0x0000027811207300, 0x0000027811207d18]
Event: 7033.517 Thread 0x000002782752be30 95624       3       org.jetbrains.kotlin.fir.types.ConeTypeContext::isIntegerLiteralConstantTypeConstructor (11 bytes)
Event: 7033.518 Thread 0x000002782752be30 nmethod 95624 0x0000027814e07c10 code [0x0000027814e07e40, 0x0000027814e084d8]
Event: 7033.518 Thread 0x000002782752be30 95630       1       org.jetbrains.kotlin.fir.declarations.impl.FirTypeParameterImpl::getAnnotations-5e3fPpI (5 bytes)
Event: 7033.518 Thread 0x000002782752be30 nmethod 95630 0x0000027818955210 code [0x00000278189553a0, 0x0000027818955470]
Event: 7033.522 Thread 0x00000278996ba9e0 95631       4       org.jetbrains.kotlin.name.StandardClassIds$Annotations::getPublishedApi (4 bytes)
Event: 7033.523 Thread 0x00000278996ba9e0 nmethod 95631 0x0000027818964d90 code [0x0000027818964f20, 0x0000027818964fb0]

GC Heap History (20 events):
Event: 5349.228 GC heap after
{Heap after GC invocations=109 (full 0):
 garbage-first heap   total 1679360K, used 590792K [0x0000000700000000, 0x0000000800000000)
  region size 2048K, 32 young (65536K), 32 survivors (65536K)
 Metaspace       used 342332K, committed 346176K, reserved 1376256K
  class space    used 40908K, committed 42880K, reserved 1048576K
}
Event: 5350.350 GC heap before
{Heap before GC invocations=109 (full 0):
 garbage-first heap   total 1679360K, used 607176K [0x0000000700000000, 0x0000000800000000)
  region size 2048K, 41 young (83968K), 32 survivors (65536K)
 Metaspace       used 344446K, committed 348288K, reserved 1376256K
  class space    used 41103K, committed 43072K, reserved 1048576K
}
Event: 5350.502 GC heap after
{Heap after GC invocations=110 (full 0):
 garbage-first heap   total 1679360K, used 590088K [0x0000000700000000, 0x0000000800000000)
  region size 2048K, 4 young (8192K), 4 survivors (8192K)
 Metaspace       used 344446K, committed 348288K, reserved 1376256K
  class space    used 41103K, committed 43072K, reserved 1048576K
}
Event: 7003.954 GC heap before
{Heap before GC invocations=111 (full 0):
 garbage-first heap   total 1597440K, used 1241352K [0x0000000700000000, 0x0000000800000000)
  region size 2048K, 234 young (479232K), 4 survivors (8192K)
 Metaspace       used 350200K, committed 353344K, reserved 1376256K
  class space    used 41413K, committed 43264K, reserved 1048576K
}
Event: 7006.094 GC heap after
{Heap after GC invocations=112 (full 0):
 garbage-first heap   total 1597440K, used 496136K [0x0000000700000000, 0x0000000800000000)
  region size 2048K, 13 young (26624K), 13 survivors (26624K)
 Metaspace       used 350200K, committed 353344K, reserved 1376256K
  class space    used 41413K, committed 43264K, reserved 1048576K
}
Event: 7007.061 GC heap before
{Heap before GC invocations=112 (full 0):
 garbage-first heap   total 1597440K, used 549384K [0x0000000700000000, 0x0000000800000000)
  region size 2048K, 39 young (79872K), 13 survivors (26624K)
 Metaspace       used 350271K, committed 353408K, reserved 1376256K
  class space    used 41419K, committed 43264K, reserved 1048576K
}
Event: 7007.188 GC heap after
{Heap after GC invocations=113 (full 0):
 garbage-first heap   total 1597440K, used 480953K [0x0000000700000000, 0x0000000800000000)
  region size 2048K, 4 young (8192K), 4 survivors (8192K)
 Metaspace       used 350271K, committed 353408K, reserved 1376256K
  class space    used 41419K, committed 43264K, reserved 1048576K
}
Event: 7015.813 GC heap before
{Heap before GC invocations=113 (full 0):
 garbage-first heap   total 1597440K, used 739001K [0x0000000700000000, 0x0000000800000000)
  region size 2048K, 124 young (253952K), 4 survivors (8192K)
 Metaspace       used 375957K, committed 378816K, reserved 1441792K
  class space    used 44531K, committed 46016K, reserved 1048576K
}
Event: 7015.877 GC heap after
{Heap after GC invocations=114 (full 0):
 garbage-first heap   total 1597440K, used 488071K [0x0000000700000000, 0x0000000800000000)
  region size 2048K, 13 young (26624K), 13 survivors (26624K)
 Metaspace       used 375957K, committed 378816K, reserved 1441792K
  class space    used 44531K, committed 46016K, reserved 1048576K
}
Event: 7017.026 GC heap before
{Heap before GC invocations=114 (full 0):
 garbage-first heap   total 1597440K, used 569991K [0x0000000700000000, 0x0000000800000000)
  region size 2048K, 53 young (108544K), 13 survivors (26624K)
 Metaspace       used 386507K, committed 389312K, reserved 1441792K
  class space    used 45647K, committed 47104K, reserved 1048576K
}
Event: 7017.095 GC heap after
{Heap after GC invocations=115 (full 0):
 garbage-first heap   total 1597440K, used 470988K [0x0000000700000000, 0x0000000800000000)
  region size 2048K, 5 young (10240K), 5 survivors (10240K)
 Metaspace       used 386507K, committed 389312K, reserved 1441792K
  class space    used 45647K, committed 47104K, reserved 1048576K
}
Event: 7018.304 GC heap before
{Heap before GC invocations=115 (full 0):
 garbage-first heap   total 1597440K, used 540620K [0x0000000700000000, 0x0000000800000000)
  region size 2048K, 39 young (79872K), 5 survivors (10240K)
 Metaspace       used 397743K, committed 400640K, reserved 1441792K
  class space    used 46812K, committed 48320K, reserved 1048576K
}
Event: 7018.327 GC heap after
{Heap after GC invocations=116 (full 0):
 garbage-first heap   total 1597440K, used 476069K [0x0000000700000000, 0x0000000800000000)
  region size 2048K, 7 young (14336K), 7 survivors (14336K)
 Metaspace       used 397743K, committed 400640K, reserved 1441792K
  class space    used 46812K, committed 48320K, reserved 1048576K
}
Event: 7023.770 GC heap before
{Heap before GC invocations=117 (full 0):
 garbage-first heap   total 1597440K, used 539557K [0x0000000700000000, 0x0000000800000000)
  region size 2048K, 39 young (79872K), 7 survivors (14336K)
 Metaspace       used 407552K, committed 410176K, reserved 1441792K
  class space    used 47878K, committed 49216K, reserved 1048576K
}
Event: 7023.787 GC heap after
{Heap after GC invocations=118 (full 0):
 garbage-first heap   total 1597440K, used 474414K [0x0000000700000000, 0x0000000800000000)
  region size 2048K, 3 young (6144K), 3 survivors (6144K)
 Metaspace       used 407552K, committed 410176K, reserved 1441792K
  class space    used 47878K, committed 49216K, reserved 1048576K
}
Event: 7030.777 GC heap before
{Heap before GC invocations=118 (full 0):
 garbage-first heap   total 1597440K, used 945454K [0x0000000700000000, 0x0000000800000000)
  region size 2048K, 235 young (481280K), 3 survivors (6144K)
 Metaspace       used 443316K, committed 445888K, reserved 1507328K
  class space    used 51990K, committed 53312K, reserved 1048576K
}
Event: 7030.919 GC heap after
{Heap after GC invocations=119 (full 0):
 garbage-first heap   total 1597440K, used 570835K [0x0000000700000000, 0x0000000800000000)
  region size 2048K, 36 young (73728K), 36 survivors (73728K)
 Metaspace       used 443316K, committed 445888K, reserved 1507328K
  class space    used 51990K, committed 53312K, reserved 1048576K
}
Event: 7031.028 GC heap before
{Heap before GC invocations=119 (full 0):
 garbage-first heap   total 1597440K, used 576979K [0x0000000700000000, 0x0000000800000000)
  region size 2048K, 39 young (79872K), 36 survivors (73728K)
 Metaspace       used 443522K, committed 446080K, reserved 1507328K
  class space    used 52005K, committed 53312K, reserved 1048576K
}
Event: 7031.156 GC heap after
{Heap after GC invocations=120 (full 0):
 garbage-first heap   total 1597440K, used 583779K [0x0000000700000000, 0x0000000800000000)
  region size 2048K, 5 young (10240K), 5 survivors (10240K)
 Metaspace       used 443522K, committed 446080K, reserved 1507328K
  class space    used 52005K, committed 53312K, reserved 1048576K
}
Event: 7033.526 GC heap before
{Heap before GC invocations=121 (full 0):
 garbage-first heap   total 1597440K, used 653411K [0x0000000700000000, 0x0000000800000000)
  region size 2048K, 39 young (79872K), 5 survivors (10240K)
 Metaspace       used 445362K, committed 447936K, reserved 1507328K
  class space    used 52111K, committed 53440K, reserved 1048576K
}

Dll operation events (17 events):
Event: 0.014 Loaded shared library C:\Program Files\Eclipse Adoptium\jdk-21.0.5.11-hotspot\bin\java.dll
Event: 0.044 Loaded shared library C:\Program Files\Eclipse Adoptium\jdk-21.0.5.11-hotspot\bin\jsvml.dll
Event: 0.095 Loaded shared library C:\Program Files\Eclipse Adoptium\jdk-21.0.5.11-hotspot\bin\zip.dll
Event: 0.101 Loaded shared library C:\Program Files\Eclipse Adoptium\jdk-21.0.5.11-hotspot\bin\instrument.dll
Event: 0.108 Loaded shared library C:\Program Files\Eclipse Adoptium\jdk-21.0.5.11-hotspot\bin\net.dll
Event: 0.112 Loaded shared library C:\Program Files\Eclipse Adoptium\jdk-21.0.5.11-hotspot\bin\nio.dll
Event: 0.115 Loaded shared library C:\Program Files\Eclipse Adoptium\jdk-21.0.5.11-hotspot\bin\zip.dll
Event: 0.373 Loaded shared library C:\Program Files\Eclipse Adoptium\jdk-21.0.5.11-hotspot\bin\jimage.dll
Event: 0.580 Loaded shared library C:\Program Files\Eclipse Adoptium\jdk-21.0.5.11-hotspot\bin\verify.dll
Event: 0.614 Loaded shared library C:\Users\YOUSSEF ADEL\.gradle\native\660c5614fbf4a5f2a75b1949f50a0caf5cd603558e7d8a26e50b933a0cfb79d1\windows-amd64\native-platform.dll
Event: 0.629 Loaded shared library C:\Users\YOUSSEF ADEL\.gradle\native\0.2.8\x86_64-windows-gnu\gradle-fileevents.dll
Event: 1.822 Loaded shared library C:\Program Files\Eclipse Adoptium\jdk-21.0.5.11-hotspot\bin\management.dll
Event: 1.826 Loaded shared library C:\Program Files\Eclipse Adoptium\jdk-21.0.5.11-hotspot\bin\management_ext.dll
Event: 1.964 Loaded shared library C:\Program Files\Eclipse Adoptium\jdk-21.0.5.11-hotspot\bin\extnet.dll
Event: 2.217 Loaded shared library C:\Program Files\Eclipse Adoptium\jdk-21.0.5.11-hotspot\bin\sunmscapi.dll
Event: 84.804 Loaded shared library C:\Program Files\Eclipse Adoptium\jdk-21.0.5.11-hotspot\bin\awt.dll
Event: 7018.456 Loaded shared library C:\Users\YOUSSEF ADEL\AppData\Local\Temp\sqlite-3.41.2.2-2af4595b-4435-43fc-939d-9cc45d29201f-sqlitejdbc.dll

Deoptimization events (20 events):
Event: 7033.364 Thread 0x000002787cee75f0 Uncommon trap: trap_request=0xffffffde fr.pc=0x00000278178db97c relative=0x00000000000001fc
Event: 7033.364 Thread 0x000002787cee75f0 Uncommon trap: reason=class_check action=maybe_recompile pc=0x00000278178db97c method=org.jetbrains.kotlin.fir.types.ConeInferenceContext.typeDepth(Lorg/jetbrains/kotlin/types/model/KotlinTypeMarker;)I @ 56 c2
Event: 7033.364 Thread 0x000002787cee75f0 DEOPT PACKING pc=0x00000278178db97c sp=0x000000b9828f8370
Event: 7033.364 Thread 0x000002787cee75f0 DEOPT UNPACKING pc=0x00000278171446a2 sp=0x000000b9828f8300 mode 2
Event: 7033.364 Thread 0x000002787cee75f0 Uncommon trap: trap_request=0xffffff45 fr.pc=0x00000278177b80fc relative=0x0000000000000a1c
Event: 7033.364 Thread 0x000002787cee75f0 Uncommon trap: reason=unstable_if action=reinterpret pc=0x00000278177b80fc method=org.jetbrains.kotlin.fir.types.ConeInferenceContext.typeDepth(Lorg/jetbrains/kotlin/types/model/RigidTypeMarker;)I @ 105 c2
Event: 7033.364 Thread 0x000002787cee75f0 DEOPT PACKING pc=0x00000278177b80fc sp=0x000000b9828f8290
Event: 7033.364 Thread 0x000002787cee75f0 DEOPT UNPACKING pc=0x00000278171446a2 sp=0x000000b9828f8260 mode 2
Event: 7033.364 Thread 0x000002787cee75f0 Uncommon trap: trap_request=0xffffffde fr.pc=0x0000027817ab8978 relative=0x0000000000000b78
Event: 7033.364 Thread 0x000002787cee75f0 Uncommon trap: reason=class_check action=maybe_recompile pc=0x0000027817ab8978 method=org.jetbrains.kotlin.fir.types.ConeTypePreparator.prepareType(Lorg/jetbrains/kotlin/types/model/KotlinTypeMarker;)Lorg/jetbrains/kotlin/types/model/KotlinTypeMarker; @ 5
Event: 7033.364 Thread 0x000002787cee75f0 DEOPT PACKING pc=0x0000027817ab8978 sp=0x000000b9828f7dd0
Event: 7033.364 Thread 0x000002787cee75f0 DEOPT UNPACKING pc=0x00000278171446a2 sp=0x000000b9828f7d30 mode 2
Event: 7033.364 Thread 0x000002787cee75f0 Uncommon trap: trap_request=0xffffffde fr.pc=0x0000027817a440e8 relative=0x00000000000009a8
Event: 7033.364 Thread 0x000002787cee75f0 Uncommon trap: reason=class_check action=maybe_recompile pc=0x0000027817a440e8 method=org.jetbrains.kotlin.fir.types.ConeTypeContext.asFlexibleType(Lorg/jetbrains/kotlin/types/model/KotlinTypeMarker;)Lorg/jetbrains/kotlin/types/model/FlexibleTypeMarker; @
Event: 7033.364 Thread 0x000002787cee75f0 DEOPT PACKING pc=0x0000027817a440e8 sp=0x000000b9828f7d30
Event: 7033.364 Thread 0x000002787cee75f0 DEOPT UNPACKING pc=0x00000278171446a2 sp=0x000000b9828f7c98 mode 2
Event: 7033.364 Thread 0x000002787cee75f0 Uncommon trap: trap_request=0xffffffde fr.pc=0x0000027817a440e8 relative=0x00000000000009a8
Event: 7033.364 Thread 0x000002787cee75f0 Uncommon trap: reason=class_check action=maybe_recompile pc=0x0000027817a440e8 method=org.jetbrains.kotlin.fir.types.ConeTypeContext.asFlexibleType(Lorg/jetbrains/kotlin/types/model/KotlinTypeMarker;)Lorg/jetbrains/kotlin/types/model/FlexibleTypeMarker; @
Event: 7033.364 Thread 0x000002787cee75f0 DEOPT PACKING pc=0x0000027817a440e8 sp=0x000000b9828f7d30
Event: 7033.364 Thread 0x000002787cee75f0 DEOPT UNPACKING pc=0x00000278171446a2 sp=0x000000b9828f7c98 mode 2

Classes loaded (20 events):
Event: 7012.140 Loading class java/awt/TrayIcon
Event: 7012.143 Loading class java/awt/TrayIcon done
Event: 7012.144 Loading class java/awt/event/InputEvent
Event: 7012.148 Loading class java/awt/event/ComponentEvent
Event: 7012.148 Loading class java/awt/event/ComponentEvent done
Event: 7012.148 Loading class java/awt/event/InputEvent done
Event: 7012.148 Loading class java/awt/event/InputMethodEvent
Event: 7012.152 Loading class java/awt/event/InputMethodEvent done
Event: 7012.152 Loading class java/awt/event/ActionEvent
Event: 7012.152 Loading class java/awt/event/ActionEvent done
Event: 7014.004 Loading class jdk/internal/vm/VMSupport
Event: 7014.005 Loading class jdk/internal/vm/VMSupport done
Event: 7014.006 Loading class jdk/internal/vm/VMSupport$AnnotationDecoder
Event: 7014.006 Loading class jdk/internal/vm/VMSupport$AnnotationDecoder done
Event: 7017.203 Loading class java/lang/reflect/InaccessibleObjectException
Event: 7017.203 Loading class java/lang/reflect/InaccessibleObjectException done
Event: 7017.207 Loading class sun/misc/VM
Event: 7017.207 Loading class sun/misc/VM done
Event: 7018.245 Loading class java/util/regex/Pattern$LineEnding
Event: 7018.245 Loading class java/util/regex/Pattern$LineEnding done

Classes unloaded (20 events):
Event: 7019.115 Thread 0x00000278274ff140 Unloading class 0x0000027829918400 'jdk/internal/reflect/GeneratedSerializationConstructorAccessor20'
Event: 7019.116 Thread 0x00000278274ff140 Unloading class 0x0000027829909400 'org/gradle/kotlin/dsl/VersionCatalogAccessorsKt'
Event: 7019.116 Thread 0x00000278274ff140 Unloading class 0x0000027829909c00 'Build_gradle$$Lambda+0x0000027829909c00'
Event: 7019.116 Thread 0x00000278274ff140 Unloading class 0x0000027829909a00 'Build_gradle'
Event: 7019.116 Thread 0x00000278274ff140 Unloading class 0x0000027829909800 'Program'
Event: 7019.117 Thread 0x00000278274ff140 Unloading class 0x00000278298207b0 'Settings_gradle$1$1'
Event: 7019.117 Thread 0x00000278274ff140 Unloading class 0x00000278298205a0 'Settings_gradle$1'
Event: 7019.117 Thread 0x00000278274ff140 Unloading class 0x0000027829820200 'Settings_gradle'
Event: 7019.117 Thread 0x00000278274ff140 Unloading class 0x0000027829820000 'Program'
Event: 7019.117 Thread 0x00000278274ff140 Unloading class 0x000002782979c400 'jdk/internal/reflect/GeneratedSerializationConstructorAccessor5'
Event: 7019.118 Thread 0x00000278274ff140 Unloading class 0x000002782979c000 'jdk/internal/reflect/GeneratedSerializationConstructorAccessor4'
Event: 7019.118 Thread 0x00000278274ff140 Unloading class 0x000002782978c000 'jdk/internal/reflect/GeneratedSerializationConstructorAccessor3'
Event: 7019.118 Thread 0x00000278274ff140 Unloading class 0x000002782965dc00 'java/lang/invoke/LambdaForm$MH+0x000002782965dc00'
Event: 7019.119 Thread 0x00000278274ff140 Unloading class 0x00000278294e0000 'java/lang/invoke/LambdaForm$MH+0x00000278294e0000'
Event: 7019.119 Thread 0x00000278274ff140 Unloading class 0x000002782949a800 'java/lang/invoke/LambdaForm$MH+0x000002782949a800'
Event: 7019.119 Thread 0x00000278274ff140 Unloading class 0x000002782949a400 'java/lang/invoke/LambdaForm$MH+0x000002782949a400'
Event: 7019.119 Thread 0x00000278274ff140 Unloading class 0x00000278293a1400 'java/lang/invoke/LambdaForm$MH+0x00000278293a1400'
Event: 7019.119 Thread 0x00000278274ff140 Unloading class 0x00000278291b8000 'java/lang/invoke/LambdaForm$MH+0x00000278291b8000'
Event: 7019.119 Thread 0x00000278274ff140 Unloading class 0x00000278290e5000 'java/lang/invoke/LambdaForm$MH+0x00000278290e5000'
Event: 7019.119 Thread 0x00000278274ff140 Unloading class 0x0000027829000400 'java/lang/invoke/LambdaForm$MH+0x0000027829000400'

Classes redefined (0 events):
No events

Internal exceptions (20 events):
Event: 7018.597 Thread 0x00000278711a3510 Exception <a 'java/lang/IncompatibleClassChangeError'{0x00000007ffa3da20}: Found class java.lang.Object, but interface was expected> (0x00000007ffa3da20) 
thrown [s\src\hotspot\share\interpreter\linkResolver.cpp, line 840]
Event: 7018.610 Thread 0x00000278711a3510 Exception <a 'java/lang/IncompatibleClassChangeError'{0x00000007ffab6520}: Found class java.lang.Object, but interface was expected> (0x00000007ffab6520) 
thrown [s\src\hotspot\share\interpreter\linkResolver.cpp, line 840]
Event: 7018.630 Thread 0x0000027886b40ce0 Exception <a 'sun/nio/fs/WindowsException'{0x00000007ffb1bba0}> (0x00000007ffb1bba0) 
thrown [s\src\hotspot\share\prims\jni.cpp, line 520]
Event: 7018.631 Thread 0x0000027886b40ce0 Exception <a 'sun/nio/fs/WindowsException'{0x00000007ffb1ebe0}> (0x00000007ffb1ebe0) 
thrown [s\src\hotspot\share\prims\jni.cpp, line 520]
Event: 7018.631 Thread 0x0000027886b40ce0 Exception <a 'sun/nio/fs/WindowsException'{0x00000007ffb21f98}> (0x00000007ffb21f98) 
thrown [s\src\hotspot\share\prims\jni.cpp, line 520]
Event: 7018.631 Thread 0x0000027886b40ce0 Exception <a 'sun/nio/fs/WindowsException'{0x00000007ffb25220}> (0x00000007ffb25220) 
thrown [s\src\hotspot\share\prims\jni.cpp, line 520]
Event: 7018.893 Thread 0x0000027886b40ce0 Exception <a 'java/lang/NoSuchMethodError'{0x00000007fc7439e0}: static [Ljava/lang/String;.<clinit>()V> (0x00000007fc7439e0) 
thrown [s\src\hotspot\share\prims\jni.cpp, line 1111]
Event: 7018.900 Thread 0x0000027886b40ce0 Exception <a 'java/lang/NoSuchMethodError'{0x00000007fc7c16d8}: static Lorg/jetbrains/kotlin/buildtools/api/SourcesChanges$Known;.<clinit>()V> (0x00000007fc7c16d8) 
thrown [s\src\hotspot\share\prims\jni.cpp, line 1111]
Event: 7018.904 Thread 0x0000027886b40ce0 Exception <a 'java/lang/NoSuchMethodError'{0x00000007fc7f6440}: static Lorg/jetbrains/kotlin/incremental/ClasspathChanges$ClasspathSnapshotEnabled$NotAvailableDueToMissingClasspathSnapshot;.<clinit>()V> (0x00000007fc7f6440) 
thrown [s\src\hotspot\share\prims\jni.cpp, line 1111]
Event: 7018.904 Thread 0x0000027886b40ce0 Exception <a 'java/lang/NoSuchMethodError'{0x00000007fc7f8468}: static Lorg/jetbrains/kotlin/incremental/ClasspathChanges$ClasspathSnapshotEnabled;.<clinit>()V> (0x00000007fc7f8468) 
thrown [s\src\hotspot\share\prims\jni.cpp, line 1111]
Event: 7018.904 Thread 0x0000027886b40ce0 Exception <a 'java/lang/NoSuchMethodError'{0x00000007fc7fa2b8}: static Lorg/jetbrains/kotlin/incremental/ClasspathChanges;.<clinit>()V> (0x00000007fc7fa2b8) 
thrown [s\src\hotspot\share\prims\jni.cpp, line 1111]
Event: 7018.911 Thread 0x0000027886b40ce0 Exception <a 'java/lang/NoSuchMethodError'{0x00000007fbe7df50}: static Lorg/jetbrains/kotlin/gradle/report/GradleBuildMetricsReporter;.<clinit>()V> (0x00000007fbe7df50) 
thrown [s\src\hotspot\share\prims\jni.cpp, line 1111]
Event: 7018.911 Thread 0x0000027886b40ce0 Exception <a 'java/lang/NoSuchMethodError'{0x00000007fbe809e0}: static Lorg/jetbrains/kotlin/build/report/metrics/BuildMetricsReporterImpl;.<clinit>()V> (0x00000007fbe809e0) 
thrown [s\src\hotspot\share\prims\jni.cpp, line 1111]
Event: 7018.916 Thread 0x0000027886b40ce0 Exception <a 'java/lang/NoSuchMethodError'{0x00000007fbec8540}: static Lorg/jetbrains/kotlin/build/report/metrics/GcMetrics;.<clinit>()V> (0x00000007fbec8540) 
thrown [s\src\hotspot\share\prims\jni.cpp, line 1111]
Event: 7023.491 Thread 0x000002787cee75f0 Exception <a 'sun/nio/fs/WindowsException'{0x00000007f4e290a8}> (0x00000007f4e290a8) 
thrown [s\src\hotspot\share\prims\jni.cpp, line 520]
Event: 7023.491 Thread 0x000002787cee75f0 Exception <a 'sun/nio/fs/WindowsException'{0x00000007f4e29848}> (0x00000007f4e29848) 
thrown [s\src\hotspot\share\prims\jni.cpp, line 520]
Event: 7023.548 Thread 0x000002787cee75f0 Exception <a 'sun/nio/fs/WindowsException'{0x00000007f4cab068}> (0x00000007f4cab068) 
thrown [s\src\hotspot\share\prims\jni.cpp, line 520]
Event: 7024.200 Thread 0x000002787cee75f0 Implicit null exception at 0x00000278179e20e6 to 0x00000278179e2860
Event: 7026.183 Thread 0x000002787cee75f0 Implicit null exception at 0x0000027818d2feda to 0x0000027818d2ffe4
Event: 7026.386 Thread 0x000002787cee75f0 Implicit null exception at 0x00000278189acc4b to 0x00000278189ada9c

ZGC Phase Switch (0 events):
No events

VM Operations (20 events):
Event: 7032.156 Executing VM operation: ICBufferFull done
Event: 7032.478 Executing VM operation: ICBufferFull
Event: 7032.479 Executing VM operation: ICBufferFull done
Event: 7032.777 Executing VM operation: ICBufferFull
Event: 7032.777 Executing VM operation: ICBufferFull done
Event: 7032.835 Executing VM operation: HandshakeAllThreads (Deoptimize)
Event: 7032.835 Executing VM operation: HandshakeAllThreads (Deoptimize) done
Event: 7032.937 Executing VM operation: ICBufferFull
Event: 7032.937 Executing VM operation: ICBufferFull done
Event: 7032.976 Executing VM operation: HandshakeAllThreads (Deoptimize)
Event: 7032.976 Executing VM operation: HandshakeAllThreads (Deoptimize) done
Event: 7033.089 Executing VM operation: ICBufferFull
Event: 7033.089 Executing VM operation: ICBufferFull done
Event: 7033.107 Executing VM operation: HandshakeAllThreads (Deoptimize)
Event: 7033.107 Executing VM operation: HandshakeAllThreads (Deoptimize) done
Event: 7033.321 Executing VM operation: ICBufferFull
Event: 7033.322 Executing VM operation: ICBufferFull done
Event: 7033.358 Executing VM operation: HandshakeAllThreads (Deoptimize)
Event: 7033.358 Executing VM operation: HandshakeAllThreads (Deoptimize) done
Event: 7033.525 Executing VM operation: G1CollectForAllocation (G1 Evacuation Pause)

Memory protections (0 events):
No events

Nmethod flushes (20 events):
Event: 7031.546 Thread 0x00000278274ff140 flushing  nmethod 0x0000027815bb7b90
Event: 7031.546 Thread 0x00000278274ff140 flushing  nmethod 0x0000027815bb8210
Event: 7031.546 Thread 0x00000278274ff140 flushing  nmethod 0x0000027815bb8610
Event: 7031.546 Thread 0x00000278274ff140 flushing  nmethod 0x0000027815bb9410
Event: 7031.546 Thread 0x00000278274ff140 flushing  nmethod 0x0000027815cc4c10
Event: 7031.546 Thread 0x00000278274ff140 flushing  nmethod 0x0000027815cc6a90
Event: 7031.546 Thread 0x00000278274ff140 flushing  nmethod 0x0000027815cc9f10
Event: 7031.546 Thread 0x00000278274ff140 flushing  nmethod 0x0000027815ccb610
Event: 7031.546 Thread 0x00000278274ff140 flushing  nmethod 0x0000027815ccf210
Event: 7031.546 Thread 0x00000278274ff140 flushing  nmethod 0x0000027815cd7410
Event: 7031.546 Thread 0x00000278274ff140 flushing  nmethod 0x0000027815cda390
Event: 7031.546 Thread 0x00000278274ff140 flushing  nmethod 0x0000027815cda810
Event: 7031.546 Thread 0x00000278274ff140 flushing  nmethod 0x0000027815cdc790
Event: 7031.546 Thread 0x00000278274ff140 flushing  nmethod 0x0000027815da1090
Event: 7031.546 Thread 0x00000278274ff140 flushing  nmethod 0x0000027815da3310
Event: 7031.546 Thread 0x00000278274ff140 flushing  nmethod 0x0000027815db7f90
Event: 7031.546 Thread 0x00000278274ff140 flushing  nmethod 0x0000027815dbc710
Event: 7031.546 Thread 0x00000278274ff140 flushing  nmethod 0x0000027815dbe310
Event: 7031.546 Thread 0x00000278274ff140 flushing  nmethod 0x0000027815dbeb10
Event: 7031.546 Thread 0x00000278274ff140 flushing  nmethod 0x0000027815dc2590

Events (20 events):
Event: 7018.516 Thread 0x00000278996b0d30 Thread exited: 0x00000278996b0d30
Event: 7018.617 Thread 0x00000278711a3510 Thread added: 0x0000027886213c60
Event: 7018.617 Thread 0x00000278711a3510 Thread added: 0x00000278862142f0
Event: 7018.917 Thread 0x0000027886b40ce0 Thread added: 0x00000278870e23a0
Event: 7021.763 Thread 0x00000278862142f0 Thread exited: 0x00000278862142f0
Event: 7021.763 Thread 0x0000027886213c60 Thread exited: 0x0000027886213c60
Event: 7022.346 Thread 0x00000278711a3510 Thread added: 0x000002787cee75f0
Event: 7024.148 Thread 0x000002782752be30 Thread added: 0x00000278996b1ad0
Event: 7024.148 Thread 0x000002782752be30 Thread added: 0x00000278996b21a0
Event: 7024.490 Thread 0x00000278996b21a0 Thread exited: 0x00000278996b21a0
Event: 7024.745 Thread 0x00000278996b1ad0 Thread exited: 0x00000278996b1ad0
Event: 7025.025 Thread 0x000002782752be30 Thread added: 0x00000278996b1ad0
Event: 7025.293 Thread 0x00000278996b1ad0 Thread exited: 0x00000278996b1ad0
Event: 7025.570 Thread 0x0000027827529250 Thread added: 0x00000278996b43b0
Event: 7025.696 Thread 0x00000278996b43b0 Thread exited: 0x00000278996b43b0
Event: 7025.754 Thread 0x000002782752be30 Thread added: 0x00000278996b43b0
Event: 7028.388 Thread 0x00000278996b43b0 Thread exited: 0x00000278996b43b0
Event: 7028.986 Thread 0x000002782752be30 Thread added: 0x00000278996b21a0
Event: 7029.921 Thread 0x00000278996b21a0 Thread exited: 0x00000278996b21a0
Event: 7032.785 Thread 0x000002782752be30 Thread added: 0x00000278996ba9e0


Dynamic libraries:
0x00007ff708e10000 - 0x00007ff708e1e000 	C:\Program Files\Eclipse Adoptium\jdk-21.0.5.11-hotspot\bin\java.exe
0x00007ff8ddfa0000 - 0x00007ff8de207000 	C:\WINDOWS\SYSTEM32\ntdll.dll
0x00007ff8dc780000 - 0x00007ff8dc849000 	C:\WINDOWS\System32\KERNEL32.DLL
0x00007ff8daa00000 - 0x00007ff8dadf7000 	C:\WINDOWS\System32\KERNELBASE.dll
0x00007ff8dba10000 - 0x00007ff8dbb5b000 	C:\WINDOWS\System32\ucrtbase.dll
0x00007ff8bbd90000 - 0x00007ff8bbdae000 	C:\Program Files\Eclipse Adoptium\jdk-21.0.5.11-hotspot\bin\VCRUNTIME140.dll
0x00007ff8bbd40000 - 0x00007ff8bbd58000 	C:\Program Files\Eclipse Adoptium\jdk-21.0.5.11-hotspot\bin\jli.dll
0x00007ff8ddce0000 - 0x00007ff8ddea6000 	C:\WINDOWS\System32\USER32.dll
0x00007ff8c4740000 - 0x00007ff8c49d2000 	C:\WINDOWS\WinSxS\amd64_microsoft.windows.common-controls_6595b64144ccf1df_6.0.26100.8457_none_3e0b2faee331e92d\COMCTL32.dll
0x00007ff8da9d0000 - 0x00007ff8da9f7000 	C:\WINDOWS\System32\win32u.dll
0x00007ff8ddeb0000 - 0x00007ff8ddf59000 	C:\WINDOWS\System32\msvcrt.dll
0x00007ff8ddc30000 - 0x00007ff8ddc5b000 	C:\WINDOWS\System32\GDI32.dll
0x00007ff8dbb60000 - 0x00007ff8dbc8c000 	C:\WINDOWS\System32\gdi32full.dll
0x00007ff8db040000 - 0x00007ff8db0e3000 	C:\WINDOWS\System32\msvcp_win.dll
0x00007ff8dcbd0000 - 0x00007ff8dcc02000 	C:\WINDOWS\System32\IMM32.DLL
0x00007ff8bf820000 - 0x00007ff8bf82c000 	C:\Program Files\Eclipse Adoptium\jdk-21.0.5.11-hotspot\bin\vcruntime140_1.dll
0x00007ff8bbcb0000 - 0x00007ff8bbd3d000 	C:\Program Files\Eclipse Adoptium\jdk-21.0.5.11-hotspot\bin\msvcp140.dll
0x00007ff8418f0000 - 0x00007ff84267f000 	C:\Program Files\Eclipse Adoptium\jdk-21.0.5.11-hotspot\bin\server\jvm.dll
0x00007ff8dbd20000 - 0x00007ff8dbdd6000 	C:\WINDOWS\System32\ADVAPI32.dll
0x00007ff8ddb80000 - 0x00007ff8ddc27000 	C:\WINDOWS\System32\sechost.dll
0x00007ff8dc600000 - 0x00007ff8dc718000 	C:\WINDOWS\System32\RPCRT4.dll
0x00007ff8dd390000 - 0x00007ff8dd410000 	C:\WINDOWS\System32\WS2_32.dll
0x00007ff8da830000 - 0x00007ff8da88e000 	C:\WINDOWS\SYSTEM32\POWRPROF.dll
0x00007ff8d35a0000 - 0x00007ff8d35ab000 	C:\WINDOWS\SYSTEM32\VERSION.dll
0x00007ff8d3560000 - 0x00007ff8d3596000 	C:\WINDOWS\SYSTEM32\WINMM.dll
0x00007ff8da810000 - 0x00007ff8da824000 	C:\WINDOWS\SYSTEM32\UMPDC.dll
0x00007ff8d9720000 - 0x00007ff8d973b000 	C:\WINDOWS\SYSTEM32\kernel.appcore.dll
0x00007ff8b9240000 - 0x00007ff8b924a000 	C:\Program Files\Eclipse Adoptium\jdk-21.0.5.11-hotspot\bin\jimage.dll
0x00007ff8cd4e0000 - 0x00007ff8cd722000 	C:\WINDOWS\SYSTEM32\DBGHELP.DLL
0x00007ff8dd610000 - 0x00007ff8dd993000 	C:\WINDOWS\System32\combase.dll
0x00007ff8dbe70000 - 0x00007ff8dbf49000 	C:\WINDOWS\System32\OLEAUT32.dll
0x00007ff8ba980000 - 0x00007ff8ba9bb000 	C:\WINDOWS\SYSTEM32\dbgcore.DLL
0x00007ff8db960000 - 0x00007ff8dba08000 	C:\WINDOWS\System32\bcryptPrimitives.dll
0x00007ff8b9230000 - 0x00007ff8b923f000 	C:\Program Files\Eclipse Adoptium\jdk-21.0.5.11-hotspot\bin\instrument.dll
0x00007ff8b9210000 - 0x00007ff8b922f000 	C:\Program Files\Eclipse Adoptium\jdk-21.0.5.11-hotspot\bin\java.dll
0x00007ff8dcc10000 - 0x00007ff8dd37e000 	C:\WINDOWS\System32\SHELL32.dll
0x00007ff8db0f0000 - 0x00007ff8db95c000 	C:\WINDOWS\System32\windows.storage.dll
0x00007ff8dbf50000 - 0x00007ff8dc046000 	C:\WINDOWS\System32\SHCORE.dll
0x00007ff8dbde0000 - 0x00007ff8dbe46000 	C:\WINDOWS\System32\shlwapi.dll
0x00007ff8da8f0000 - 0x00007ff8da919000 	C:\WINDOWS\SYSTEM32\profapi.dll
0x00007ff8af3e0000 - 0x00007ff8af4b7000 	C:\Program Files\Eclipse Adoptium\jdk-21.0.5.11-hotspot\bin\jsvml.dll
0x00007ff8b91f0000 - 0x00007ff8b9208000 	C:\Program Files\Eclipse Adoptium\jdk-21.0.5.11-hotspot\bin\zip.dll
0x00007ff8b91e0000 - 0x00007ff8b91f0000 	C:\Program Files\Eclipse Adoptium\jdk-21.0.5.11-hotspot\bin\net.dll
0x00007ff8d46d0000 - 0x00007ff8d47f9000 	C:\WINDOWS\SYSTEM32\WINHTTP.dll
0x00007ff8d9c70000 - 0x00007ff8d9cdc000 	C:\WINDOWS\system32\mswsock.dll
0x00007ff8b91c0000 - 0x00007ff8b91d6000 	C:\Program Files\Eclipse Adoptium\jdk-21.0.5.11-hotspot\bin\nio.dll
0x00007ff8b91b0000 - 0x00007ff8b91c0000 	C:\Program Files\Eclipse Adoptium\jdk-21.0.5.11-hotspot\bin\verify.dll
0x00007ff8c7d60000 - 0x00007ff8c7d87000 	C:\Users\YOUSSEF ADEL\.gradle\native\660c5614fbf4a5f2a75b1949f50a0caf5cd603558e7d8a26e50b933a0cfb79d1\windows-amd64\native-platform.dll
0x00007ff8b4c20000 - 0x00007ff8b4c97000 	C:\Users\YOUSSEF ADEL\.gradle\native\0.2.8\x86_64-windows-gnu\gradle-fileevents.dll
0x00007ff8b91a0000 - 0x00007ff8b91aa000 	C:\Program Files\Eclipse Adoptium\jdk-21.0.5.11-hotspot\bin\management.dll
0x00007ff8b9190000 - 0x00007ff8b919b000 	C:\Program Files\Eclipse Adoptium\jdk-21.0.5.11-hotspot\bin\management_ext.dll
0x00007ff8dc5e0000 - 0x00007ff8dc5e8000 	C:\WINDOWS\System32\PSAPI.DLL
0x00007ff8d9110000 - 0x00007ff8d9142000 	C:\WINDOWS\SYSTEM32\IPHLPAPI.DLL
0x00007ff8dbe50000 - 0x00007ff8dbe5a000 	C:\WINDOWS\System32\NSI.dll
0x00007ff8b9180000 - 0x00007ff8b9189000 	C:\Program Files\Eclipse Adoptium\jdk-21.0.5.11-hotspot\bin\extnet.dll
0x00007ff8da070000 - 0x00007ff8da08b000 	C:\WINDOWS\SYSTEM32\CRYPTSP.dll
0x00007ff8d9680000 - 0x00007ff8d96b9000 	C:\WINDOWS\system32\rsaenh.dll
0x00007ff8d9d20000 - 0x00007ff8d9d53000 	C:\WINDOWS\SYSTEM32\USERENV.dll
0x00007ff8da8c0000 - 0x00007ff8da8ea000 	C:\WINDOWS\SYSTEM32\bcrypt.dll
0x00007ff8d9ed0000 - 0x00007ff8d9edc000 	C:\WINDOWS\SYSTEM32\CRYPTBASE.dll
0x00007ff8b8720000 - 0x00007ff8b872e000 	C:\Program Files\Eclipse Adoptium\jdk-21.0.5.11-hotspot\bin\sunmscapi.dll
0x00007ff8daec0000 - 0x00007ff8db038000 	C:\WINDOWS\System32\CRYPT32.dll
0x00007ff8da1d0000 - 0x00007ff8da200000 	C:\WINDOWS\SYSTEM32\ncrypt.dll
0x00007ff8da180000 - 0x00007ff8da1bf000 	C:\WINDOWS\SYSTEM32\NTASN1.dll
0x00007ff8d3810000 - 0x00007ff8d3818000 	C:\WINDOWS\system32\wshunix.dll
0x00007ff8af250000 - 0x00007ff8af3de000 	C:\Program Files\Eclipse Adoptium\jdk-21.0.5.11-hotspot\bin\awt.dll
0x00007ff8d8240000 - 0x00007ff8d82e0000 	C:\WINDOWS\SYSTEM32\apphelp.dll
0x00007ff8d8450000 - 0x00007ff8d84fa000 	C:\WINDOWS\system32\uxtheme.dll
0x00007ff8dd420000 - 0x00007ff8dd57c000 	C:\WINDOWS\System32\MSCTF.dll
0x00007ff8dc870000 - 0x00007ff8dca07000 	C:\WINDOWS\System32\ole32.dll
0x00007ff8d9150000 - 0x00007ff8d9282000 	C:\WINDOWS\SYSTEM32\DNSAPI.dll
0x00007ff8d4320000 - 0x00007ff8d432b000 	C:\Windows\System32\rasadhlp.dll
0x00007ff8d57b0000 - 0x00007ff8d5836000 	C:\WINDOWS\System32\fwpuclnt.dll
0x00007ff8d9840000 - 0x00007ff8d9876000 	C:\WINDOWS\SYSTEM32\ntmarta.dll
0x00007ff8b82e0000 - 0x00007ff8b83c9000 	C:\Users\YOUSSEF ADEL\AppData\Local\Temp\sqlite-3.41.2.2-2af4595b-4435-43fc-939d-9cc45d29201f-sqlitejdbc.dll

dbghelp: loaded successfully - version: 4.0.5 - missing functions: none
symbol engine: initialized successfully - sym options: 0x614 - pdb path: .;C:\Program Files\Eclipse Adoptium\jdk-21.0.5.11-hotspot\bin;C:\WINDOWS\SYSTEM32;C:\WINDOWS\WinSxS\amd64_microsoft.windows.common-controls_6595b64144ccf1df_6.0.26100.8457_none_3e0b2faee331e92d;C:\Program Files\Eclipse Adoptium\jdk-21.0.5.11-hotspot\bin\server;C:\Users\YOUSSEF ADEL\.gradle\native\660c5614fbf4a5f2a75b1949f50a0caf5cd603558e7d8a26e50b933a0cfb79d1\windows-amd64;C:\Users\YOUSSEF ADEL\.gradle\native\0.2.8\x86_64-windows-gnu;C:\Users\YOUSSEF ADEL\AppData\Local\Temp

VM Arguments:
jvm_args: --add-opens=java.base/java.lang=ALL-UNNAMED --add-opens=java.base/java.lang.invoke=ALL-UNNAMED --add-opens=java.base/java.util=ALL-UNNAMED --add-opens=java.prefs/java.util.prefs=ALL-UNNAMED --add-exports=jdk.compiler/com.sun.tools.javac.api=ALL-UNNAMED --add-exports=jdk.compiler/com.sun.tools.javac.util=ALL-UNNAMED --add-opens=java.base/java.util=ALL-UNNAMED --add-opens=java.prefs/java.util.prefs=ALL-UNNAMED --add-opens=java.base/java.nio.charset=ALL-UNNAMED --add-opens=java.base/java.net=ALL-UNNAMED --add-opens=java.base/java.util.concurrent=ALL-UNNAMED --add-opens=java.base/java.util.concurrent.atomic=ALL-UNNAMED --add-opens=java.xml/javax.xml.namespace=ALL-UNNAMED --add-opens=java.base/java.time=ALL-UNNAMED -Xmx4g -Dfile.encoding=UTF-8 -Duser.country=US -Duser.language=en -Duser.variant -javaagent:C:\Users\YOUSSEF ADEL\.gradle\wrapper\dists\gradle-9.3.1-bin\23ovyewtku6u96viwx3xl3oks\gradle-9.3.1\lib\agents\gradle-instrumentation-agent-9.3.1.jar 
java_command: org.gradle.launcher.daemon.bootstrap.GradleDaemon 9.3.1
java_class_path (initial): C:\Users\YOUSSEF ADEL\.gradle\wrapper\dists\gradle-9.3.1-bin\23ovyewtku6u96viwx3xl3oks\gradle-9.3.1\lib\gradle-daemon-main-9.3.1.jar
Launcher Type: SUN_STANDARD

[Global flags]
     intx CICompilerCount                          = 4                                         {product} {ergonomic}
     uint ConcGCThreads                            = 3                                         {product} {ergonomic}
     uint G1ConcRefinementThreads                  = 10                                        {product} {ergonomic}
   size_t G1HeapRegionSize                         = 2097152                                   {product} {ergonomic}
    uintx GCDrainStackTargetSize                   = 64                                        {product} {ergonomic}
   size_t InitialHeapSize                          = 96468992                                  {product} {ergonomic}
   size_t MarkStackSize                            = 4194304                                   {product} {ergonomic}
   size_t MaxHeapSize                              = 4294967296                                {product} {command line}
   size_t MaxNewSize                               = 2575302656                                {product} {ergonomic}
   size_t MinHeapDeltaBytes                        = 2097152                                   {product} {ergonomic}
   size_t MinHeapSize                              = 8388608                                   {product} {ergonomic}
    uintx NonNMethodCodeHeapSize                   = 5839372                                {pd product} {ergonomic}
    uintx NonProfiledCodeHeapSize                  = 122909434                              {pd product} {ergonomic}
    uintx ProfiledCodeHeapSize                     = 122909434                              {pd product} {ergonomic}
    uintx ReservedCodeCacheSize                    = 251658240                              {pd product} {ergonomic}
     bool SegmentedCodeCache                       = true                                      {product} {ergonomic}
   size_t SoftMaxHeapSize                          = 4294967296                             {manageable} {ergonomic}
     bool UseCompressedOops                        = true                           {product lp64_product} {ergonomic}
     bool UseG1GC                                  = true                                      {product} {ergonomic}
     bool UseLargePagesIndividualAllocation        = false                                  {pd product} {ergonomic}

Logging:
Log output configuration:
 #0: stdout all=warning uptime,level,tags foldmultilines=false
 #1: stderr all=off uptime,level,tags foldmultilines=false

Environment Variables:
CLASSPATH=C:\Users\YOUSSEF ADEL\Desktop\Meen-Fena-V-1.1-\\gradle\wrapper\gradle-wrapper.jar
PATH=C:\Program Files\Common Files\Oracle\Java\javapath;C:\Program Files (x86)\VMware\VMware Workstation\bin\;C:\Program Files\Eclipse Adoptium\jdk-21.0.5.11-hotspot\bin;C:\Program Files (x86)\Common Files\Oracle\Java\javapath;C:\WINDOWS\system32;C:\WINDOWS;C:\WINDOWS\System32\Wbem;C:\WINDOWS\System32\WindowsPowerShell\v1.0\;C:\WINDOWS\System32\OpenSSH\;C:\MinGW\bin;C:\msys64\mingw64\bin;C:\Program Files\dotnet\;C:\Program Files\Git\cmd;C:\Program Files\nodejs\;C:\ProgramData\chocolatey\bin;C:\Program Files\Java\jdk-25\bin;C:\Program Files (x86)\dotnet\;C:\Users\YOUSSEF ADEL\AppData\Local\Programs\Python\Python313;C:\Users\YOUSSEF ADEL\AppData\Local\Programs\Microsoft VS Code\bin;C:\Users\YOUSSEF ADEL\ffmpeg-7.1;C:\Users\YOUSSEF ADEL\AppData\Local\Microsoft\WindowsApps;C:\Users\YOUSSEF ADEL\AppData\Local\Programs\Python\Python313\Scripts;C:\Users\YOUSSEF ADEL\AppData\Local\Programs\Python\Python313\Lib\site-packages;D:\Develpement\flutter\bin;C:\Users\YOUSSEF ADEL\.dotnet\tools
USERNAME=YOUSSEF ADEL
OS=Windows_NT
PROCESSOR_IDENTIFIER=AMD64 Family 23 Model 96 Stepping 1, AuthenticAMD
TMP=C:\Users\YOUSSE~1\AppData\Local\Temp
TEMP=C:\Users\YOUSSE~1\AppData\Local\Temp




Periodic native trim disabled

---------------  S Y S T E M  ---------------

OS:
 Windows 11 , 64 bit Build 26100 (10.0.26100.8328)
OS uptime: 0 days 9:10 hours
Hyper-V role detected

CPU: total 12 (initial active 12) (12 cores per cpu, 2 threads per core) family 23 model 96 stepping 1 microcode 0x860010f, cx8, cmov, fxsr, ht, mmx, 3dnowpref, sse, sse2, sse3, ssse3, sse4a, sse4.1, sse4.2, popcnt, lzcnt, tsc, tscinvbit, avx, avx2, aes, clmul, bmi1, bmi2, adx, sha, fma, vzeroupper, clflush, clflushopt, hv, rdtscp, rdpid, f16c
Processor Information for all 12 processors :
  Max Mhz: 2100, Current Mhz: 2100, Mhz Limit: 2100

Memory: 4k page, system-wide physical 5863M (692M free)
TotalPageFile size 13805M (AvailPageFile size 274M)
current process WorkingSet (physical memory assigned to process): 657M, peak: 2472M
current process commit charge ("private bytes"): 2558M, peak: 3066M

vm_info: OpenJDK 64-Bit Server VM (21.0.5+11-LTS) for windows-amd64 JRE (21.0.5+11-LTS), built on 2024-10-15T00:00:00Z by "admin" with MS VC++ 17.7 (VS2022)

END.
